token_354	token_type	mfa_phones	example_hanzi	example_pinyin	notes
ㄅ	initial	p			fixed consonant table
ㄆ	initial	pʰ			fixed consonant table
ㄇ	initial	m			fixed consonant table
ㄈ	initial	f			fixed consonant table
ㄉ	initial	t			fixed consonant table
ㄊ	initial	tʰ			fixed consonant table
ㄋ	initial	n			fixed consonant table
ㄌ	initial	l			fixed consonant table
ㄍ	initial	k			fixed consonant table
ㄎ	initial	kʰ			fixed consonant table
ㄏ	initial	x			fixed consonant table
ㄐ	initial	tɕ			fixed consonant table
ㄑ	initial	tɕʰ			fixed consonant table
ㄒ	initial	ɕ			fixed consonant table
ㄓ	initial	ʈʂ			fixed consonant table
ㄔ	initial	ʈʂʰ			fixed consonant table
ㄕ	initial	ʂ			fixed consonant table
ㄖ	initial	ʐ			fixed consonant table
ㄗ	initial	ts			fixed consonant table
ㄘ	initial	tsʰ			fixed consonant table
ㄙ	initial	s			fixed consonant table
ㄏㄇˇ	rhyme_tone	m̩˨˩˦		hm4	manual MFA override
ㄏㄇˉ	rhyme_tone	m̩˥		hm4	manual MFA override
ㄏㄇˊ	rhyme_tone	m̩˧˥		hm4	manual MFA override
ㄏㄇˋ	rhyme_tone	m̩˥˩		hm4	manual MFA override
ㄏㄇ˙	rhyme_tone	m̩˩		hm4	manual MFA override
ㄓˇ	rhyme_tone	ʈʂ ʐ̩˥	之	zhi3	whole syllable (all MFA phones)
ㄓˉ	rhyme_tone	ʈʂ ʐ̩˥	之	zhi1	whole syllable (all MFA phones)
ㄓˊ	rhyme_tone	ʈʂ ʐ̩˥	之	zhi2	whole syllable (all MFA phones)
ㄓˋ	rhyme_tone	ʈʂ ʐ̩˥	之	zhi4	whole syllable (all MFA phones)
ㄓ˙	rhyme_tone	ʈʂ ʐ̩˥	之	zhi5	whole syllable (all MFA phones)
ㄔˇ	rhyme_tone	ʈʂʰ ʐ̩˥	吃	chi3	whole syllable (all MFA phones)
ㄔˉ	rhyme_tone	ʈʂʰ ʐ̩˥	吃	chi1	whole syllable (all MFA phones)
ㄔˊ	rhyme_tone	ʈʂʰ ʐ̩˥	吃	chi2	whole syllable (all MFA phones)
ㄔˋ	rhyme_tone	ʈʂʰ ʐ̩˥	吃	chi4	whole syllable (all MFA phones)
ㄔ˙	rhyme_tone	ʈʂʰ ʐ̩˥	吃	chi5	whole syllable (all MFA phones)
ㄕˇ	rhyme_tone	ʂ ʐ̩˥˩	是	shi3	whole syllable (all MFA phones)
ㄕˉ	rhyme_tone	ʂ ʐ̩˥˩	是	shi1	whole syllable (all MFA phones)
ㄕˊ	rhyme_tone	ʂ ʐ̩˥˩	是	shi2	whole syllable (all MFA phones)
ㄕˋ	rhyme_tone	ʂ ʐ̩˥˩	是	shi4	whole syllable (all MFA phones)
ㄕ˙	rhyme_tone	ʂ ʐ̩˥˩	是	shi5	whole syllable (all MFA phones)
ㄖˇ	rhyme_tone	ʐ̩˥˩	日	ri3	whole syllable (all MFA phones)
ㄖˉ	rhyme_tone	ʐ̩˥˩	日	ri1	whole syllable (all MFA phones)
ㄖˊ	rhyme_tone	ʐ̩˥˩	日	ri2	whole syllable (all MFA phones)
ㄖˋ	rhyme_tone	ʐ̩˥˩	日	ri4	whole syllable (all MFA phones)
ㄖ˙	rhyme_tone	ʐ̩˥˩	日	ri5	whole syllable (all MFA phones)
ㄗˇ	rhyme_tone	ts z̩˨˩˦	子	zi3	whole syllable (all MFA phones)
ㄗˉ	rhyme_tone	ts z̩˨˩˦	子	zi1	whole syllable (all MFA phones)
ㄗˊ	rhyme_tone	ts z̩˨˩˦	子	zi2	whole syllable (all MFA phones)
ㄗˋ	rhyme_tone	ts z̩˨˩˦	子	zi4	whole syllable (all MFA phones)
ㄗ˙	rhyme_tone	ts z̩˨˩˦	子	zi5	whole syllable (all MFA phones)
ㄘˇ	rhyme_tone	tsʰ z̩˧˥	词	ci3	whole syllable (all MFA phones)
ㄘˉ	rhyme_tone	tsʰ z̩˧˥	词	ci1	whole syllable (all MFA phones)
ㄘˊ	rhyme_tone	tsʰ z̩˧˥	词	ci2	whole syllable (all MFA phones)
ㄘˋ	rhyme_tone	tsʰ z̩˧˥	词	ci4	whole syllable (all MFA phones)
ㄘ˙	rhyme_tone	tsʰ z̩˧˥	词	ci5	whole syllable (all MFA phones)
ㄙˇ	rhyme_tone	s z̩˥˩	四	si3	whole syllable (all MFA phones)
ㄙˉ	rhyme_tone	s z̩˥˩	四	si1	whole syllable (all MFA phones)
ㄙˊ	rhyme_tone	s z̩˥˩	四	si2	whole syllable (all MFA phones)
ㄙˋ	rhyme_tone	s z̩˥˩	四	si4	whole syllable (all MFA phones)
ㄙ˙	rhyme_tone	s z̩˥˩	四	si5	whole syllable (all MFA phones)
ㄚˇ	rhyme_tone	ʔ a˥˩	啊	a3	whole syllable (all MFA phones)
ㄚˉ	rhyme_tone	ʔ a˥˩	啊	a1	whole syllable (all MFA phones)
ㄚˊ	rhyme_tone	ʔ a˥˩	啊	a2	whole syllable (all MFA phones)
ㄚˋ	rhyme_tone	ʔ a˥˩	啊	a4	whole syllable (all MFA phones)
ㄚ˙	rhyme_tone	ʔ a˥˩	啊	a5	whole syllable (all MFA phones)
ㄛˇ	rhyme_tone	o˧˥	哦	o3	whole syllable (all MFA phones)
ㄛˉ	rhyme_tone	o˧˥	哦	o1	whole syllable (all MFA phones)
ㄛˊ	rhyme_tone	o˧˥	哦	o2	whole syllable (all MFA phones)
ㄛˋ	rhyme_tone	o˧˥	哦	o4	whole syllable (all MFA phones)
ㄛ˙	rhyme_tone	o˧˥	哦	o5	whole syllable (all MFA phones)
ㄜˇ	rhyme_tone	ʔ o˧˥	鹅	e3	whole syllable (all MFA phones)
ㄜˉ	rhyme_tone	ʔ o˧˥	鹅	e1	whole syllable (all MFA phones)
ㄜˊ	rhyme_tone	ʔ o˧˥	鹅	e2	whole syllable (all MFA phones)
ㄜˋ	rhyme_tone	ʔ o˧˥	鹅	e4	whole syllable (all MFA phones)
ㄜ˙	rhyme_tone	ʔ o˧˥	鹅	e5	whole syllable (all MFA phones)
ㄞˇ	rhyme_tone	ʔ aj˥˩	爱	ai3	whole syllable (all MFA phones)
ㄞˉ	rhyme_tone	ʔ aj˥˩	爱	ai1	whole syllable (all MFA phones)
ㄞˊ	rhyme_tone	ʔ aj˥˩	爱	ai2	whole syllable (all MFA phones)
ㄞˋ	rhyme_tone	ʔ aj˥˩	爱	ai4	whole syllable (all MFA phones)
ㄞ˙	rhyme_tone	ʔ aj˥˩	爱	ai5	whole syllable (all MFA phones)
ㄟˇ	rhyme_tone	ʔ ej˥	诶	ei3	whole syllable (all MFA phones)
ㄟˉ	rhyme_tone	ʔ ej˥	诶	ei1	whole syllable (all MFA phones)
ㄟˊ	rhyme_tone	ʔ ej˥	诶	ei2	whole syllable (all MFA phones)
ㄟˋ	rhyme_tone	ʔ ej˥	诶	ei4	whole syllable (all MFA phones)
ㄟ˙	rhyme_tone	ʔ ej˥	诶	ei5	whole syllable (all MFA phones)
ㄠˇ	rhyme_tone	ʔ aw˥˩	奥	ao3	whole syllable (all MFA phones)
ㄠˉ	rhyme_tone	ʔ aw˥˩	奥	ao1	whole syllable (all MFA phones)
ㄠˊ	rhyme_tone	ʔ aw˥˩	奥	ao2	whole syllable (all MFA phones)
ㄠˋ	rhyme_tone	ʔ aw˥˩	奥	ao4	whole syllable (all MFA phones)
ㄠ˙	rhyme_tone	ʔ aw˥˩	奥	ao5	whole syllable (all MFA phones)
ㄡˇ	rhyme_tone	ʔ ow˥	欧	ou3	whole syllable (all MFA phones)
ㄡˉ	rhyme_tone	ʔ ow˥	欧	ou1	whole syllable (all MFA phones)
ㄡˊ	rhyme_tone	ʔ ow˥	欧	ou2	whole syllable (all MFA phones)
ㄡˋ	rhyme_tone	ʔ ow˥	欧	ou4	whole syllable (all MFA phones)
ㄡ˙	rhyme_tone	ʔ ow˥	欧	ou5	whole syllable (all MFA phones)
ㄢˇ	rhyme_tone	ʔ a˥ n	安	an3	whole syllable (all MFA phones)
ㄢˉ	rhyme_tone	ʔ a˥ n	安	an1	whole syllable (all MFA phones)
ㄢˊ	rhyme_tone	ʔ a˥ n	安	an2	whole syllable (all MFA phones)
ㄢˋ	rhyme_tone	ʔ a˥ n	安	an4	whole syllable (all MFA phones)
ㄢ˙	rhyme_tone	ʔ a˥ n	安	an5	whole syllable (all MFA phones)
ㄣˇ	rhyme_tone	ʔ ə˥ n	恩	en3	whole syllable (all MFA phones)
ㄣˉ	rhyme_tone	ʔ ə˥ n	恩	en1	whole syllable (all MFA phones)
ㄣˊ	rhyme_tone	ʔ ə˥ n	恩	en2	whole syllable (all MFA phones)
ㄣˋ	rhyme_tone	ʔ ə˥ n	恩	en4	whole syllable (all MFA phones)
ㄣ˙	rhyme_tone	ʔ ə˥ n	恩	en5	whole syllable (all MFA phones)
ㄤˇ	rhyme_tone	ʔ a˧˥ ŋ	昂	ang3	whole syllable (all MFA phones)
ㄤˉ	rhyme_tone	ʔ a˧˥ ŋ	昂	ang1	whole syllable (all MFA phones)
ㄤˊ	rhyme_tone	ʔ a˧˥ ŋ	昂	ang2	whole syllable (all MFA phones)
ㄤˋ	rhyme_tone	ʔ a˧˥ ŋ	昂	ang4	whole syllable (all MFA phones)
ㄤ˙	rhyme_tone	ʔ a˧˥ ŋ	昂	ang5	whole syllable (all MFA phones)
ㄥˇ	rhyme_tone	o˥˩ ŋ	嗯	eng3	whole syllable (all MFA phones)
ㄥˉ	rhyme_tone	o˥˩ ŋ	嗯	eng1	whole syllable (all MFA phones)
ㄥˊ	rhyme_tone	o˥˩ ŋ	嗯	eng2	whole syllable (all MFA phones)
ㄥˋ	rhyme_tone	o˥˩ ŋ	嗯	eng4	whole syllable (all MFA phones)
ㄥ˙	rhyme_tone	o˥˩ ŋ	嗯	eng5	whole syllable (all MFA phones)
ㄦˇ	rhyme_tone	o˥˩ ɻ	二	er3	whole syllable (all MFA phones)
ㄦˉ	rhyme_tone	o˥˩ ɻ	二	er1	whole syllable (all MFA phones)
ㄦˊ	rhyme_tone	o˥˩ ɻ	二	er2	whole syllable (all MFA phones)
ㄦˋ	rhyme_tone	o˥˩ ɻ	二	er4	whole syllable (all MFA phones)
ㄦ˙	erhua	ʔ o ɻ	儿	er5	erhua tail (o + optional ɻ)
ㄧˇ	rhyme_tone	i˥	一	yi3	whole syllable (all MFA phones)
ㄧˉ	rhyme_tone	i˥	一	yi1	whole syllable (all MFA phones)
ㄧˊ	rhyme_tone	i˥	一	yi2	whole syllable (all MFA phones)
ㄧˋ	rhyme_tone	i˥	一	yi4	whole syllable (all MFA phones)
ㄧ˙	rhyme_tone	i˥	一	yi5	whole syllable (all MFA phones)
ㄧㄚˇ	rhyme_tone	j a˥	呀	ya3	whole syllable (all MFA phones)
ㄧㄚˉ	rhyme_tone	j a˥	呀	ya1	whole syllable (all MFA phones)
ㄧㄚˊ	rhyme_tone	j a˥	呀	ya2	whole syllable (all MFA phones)
ㄧㄚˋ	rhyme_tone	j a˥	呀	ya4	whole syllable (all MFA phones)
ㄧㄚ˙	rhyme_tone	j a˥	呀	ya5	whole syllable (all MFA phones)
ㄧㄛˇ	rhyme_tone	j o˥	哟	yo3	whole syllable (all MFA phones)
ㄧㄛˉ	rhyme_tone	j o˥	哟	yo1	whole syllable (all MFA phones)
ㄧㄛˊ	rhyme_tone	j o˥	哟	yo2	whole syllable (all MFA phones)
ㄧㄛˋ	rhyme_tone	j o˥	哟	yo4	whole syllable (all MFA phones)
ㄧㄛ˙	rhyme_tone	j o˥	哟	yo5	whole syllable (all MFA phones)
ㄧㄝˇ	rhyme_tone	j e˨˩˦	也	ye3	whole syllable (all MFA phones)
ㄧㄝˉ	rhyme_tone	j e˨˩˦	也	ye1	whole syllable (all MFA phones)
ㄧㄝˊ	rhyme_tone	j e˨˩˦	也	ye2	whole syllable (all MFA phones)
ㄧㄝˋ	rhyme_tone	j e˨˩˦	也	ye4	whole syllable (all MFA phones)
ㄧㄝ˙	rhyme_tone	j e˨˩˦	也	ye5	whole syllable (all MFA phones)
ㄧㄞˇ	rhyme_tone	aj˨˩˦		yai1	manual MFA override
ㄧㄞˉ	rhyme_tone	aj˥		yai1	manual MFA override
ㄧㄞˊ	rhyme_tone	aj˧˥		yai1	manual MFA override
ㄧㄞˋ	rhyme_tone	aj˥˩		yai1	manual MFA override
ㄧㄞ˙	rhyme_tone	aj˩		yai1	manual MFA override
ㄧㄠˇ	rhyme_tone	j aw˨˩˦	要	yao3	whole syllable (all MFA phones)
ㄧㄠˉ	rhyme_tone	j aw˨˩˦	要	yao1	whole syllable (all MFA phones)
ㄧㄠˊ	rhyme_tone	j aw˨˩˦	要	yao2	whole syllable (all MFA phones)
ㄧㄠˋ	rhyme_tone	j aw˨˩˦	要	yao4	whole syllable (all MFA phones)
ㄧㄠ˙	rhyme_tone	j aw˨˩˦	要	yao5	whole syllable (all MFA phones)
ㄧㄡˇ	rhyme_tone	j ow˥˩	有	you3	whole syllable (all MFA phones)
ㄧㄡˉ	rhyme_tone	j ow˥˩	有	you1	whole syllable (all MFA phones)
ㄧㄡˊ	rhyme_tone	j ow˥˩	有	you2	whole syllable (all MFA phones)
ㄧㄡˋ	rhyme_tone	j ow˥˩	有	you4	whole syllable (all MFA phones)
ㄧㄡ˙	rhyme_tone	j ow˥˩	有	you5	whole syllable (all MFA phones)
ㄧㄢˇ	rhyme_tone	j e˥ n	烟	yan3	whole syllable (all MFA phones)
ㄧㄢˉ	rhyme_tone	j e˥ n	烟	yan1	whole syllable (all MFA phones)
ㄧㄢˊ	rhyme_tone	j e˥ n	烟	yan2	whole syllable (all MFA phones)
ㄧㄢˋ	rhyme_tone	j e˥ n	烟	yan4	whole syllable (all MFA phones)
ㄧㄢ˙	rhyme_tone	j e˥ n	烟	yan5	whole syllable (all MFA phones)
ㄧㄣˇ	rhyme_tone	i˥ n	音	yin3	whole syllable (all MFA phones)
ㄧㄣˉ	rhyme_tone	i˥ n	音	yin1	whole syllable (all MFA phones)
ㄧㄣˊ	rhyme_tone	i˥ n	音	yin2	whole syllable (all MFA phones)
ㄧㄣˋ	rhyme_tone	i˥ n	音	yin4	whole syllable (all MFA phones)
ㄧㄣ˙	rhyme_tone	i˥ n	音	yin5	whole syllable (all MFA phones)
ㄧㄤˇ	rhyme_tone	j a˧˥ ŋ	阳	yang3	whole syllable (all MFA phones)
ㄧㄤˉ	rhyme_tone	j a˧˥ ŋ	阳	yang1	whole syllable (all MFA phones)
ㄧㄤˊ	rhyme_tone	j a˧˥ ŋ	阳	yang2	whole syllable (all MFA phones)
ㄧㄤˋ	rhyme_tone	j a˧˥ ŋ	阳	yang4	whole syllable (all MFA phones)
ㄧㄤ˙	rhyme_tone	j a˧˥ ŋ	阳	yang5	whole syllable (all MFA phones)
ㄧㄥˇ	rhyme_tone	i˥ ŋ	英	ying3	whole syllable (all MFA phones)
ㄧㄥˉ	rhyme_tone	i˥ ŋ	英	ying1	whole syllable (all MFA phones)
ㄧㄥˊ	rhyme_tone	i˥ ŋ	英	ying2	whole syllable (all MFA phones)
ㄧㄥˋ	rhyme_tone	i˥ ŋ	英	ying4	whole syllable (all MFA phones)
ㄧㄥ˙	rhyme_tone	i˥ ŋ	英	ying5	whole syllable (all MFA phones)
ㄨˇ	rhyme_tone	u˨˩˦	五	wu3	whole syllable (all MFA phones)
ㄨˉ	rhyme_tone	u˨˩˦	五	wu1	whole syllable (all MFA phones)
ㄨˊ	rhyme_tone	u˨˩˦	五	wu2	whole syllable (all MFA phones)
ㄨˋ	rhyme_tone	u˨˩˦	五	wu4	whole syllable (all MFA phones)
ㄨ˙	rhyme_tone	u˨˩˦	五	wu5	whole syllable (all MFA phones)
ㄨㄚˇ	rhyme_tone	w a˥	哇	wa3	whole syllable (all MFA phones)
ㄨㄚˉ	rhyme_tone	w a˥	哇	wa1	whole syllable (all MFA phones)
ㄨㄚˊ	rhyme_tone	w a˥	哇	wa2	whole syllable (all MFA phones)
ㄨㄚˋ	rhyme_tone	w a˥	哇	wa4	whole syllable (all MFA phones)
ㄨㄚ˙	rhyme_tone	w a˥	哇	wa5	whole syllable (all MFA phones)
ㄨㄛˇ	rhyme_tone	ʔ w o	我	wo3	rhyme-body override (optional onsets)
ㄨㄛˉ	rhyme_tone	ʔ w o	我	wo1	rhyme-body override (optional onsets)
ㄨㄛˊ	rhyme_tone	ʔ w o	我	wo2	rhyme-body override (optional onsets)
ㄨㄛˋ	rhyme_tone	ʔ w o	我	wo4	rhyme-body override (optional onsets)
ㄨㄛ˙	rhyme_tone	ʔ w o	我	wo5	rhyme-body override (optional onsets)
ㄨㄞˇ	rhyme_tone	w aj˥˩	外	wai3	whole syllable (all MFA phones)
ㄨㄞˉ	rhyme_tone	w aj˥˩	外	wai1	whole syllable (all MFA phones)
ㄨㄞˊ	rhyme_tone	w aj˥˩	外	wai2	whole syllable (all MFA phones)
ㄨㄞˋ	rhyme_tone	w aj˥˩	外	wai4	whole syllable (all MFA phones)
ㄨㄞ˙	rhyme_tone	w aj˥˩	外	wai5	whole syllable (all MFA phones)
ㄨㄟˇ	rhyme_tone	w ej˧˥	为	wei3	whole syllable (all MFA phones)
ㄨㄟˉ	rhyme_tone	w ej˧˥	为	wei1	whole syllable (all MFA phones)
ㄨㄟˊ	rhyme_tone	w ej˧˥	为	wei2	whole syllable (all MFA phones)
ㄨㄟˋ	rhyme_tone	w ej˧˥	为	wei4	whole syllable (all MFA phones)
ㄨㄟ˙	rhyme_tone	w ej˧˥	为	wei5	whole syllable (all MFA phones)
ㄨㄢˇ	rhyme_tone	w a˥˩ n	万	wan3	whole syllable (all MFA phones)
ㄨㄢˉ	rhyme_tone	w a˥˩ n	万	wan1	whole syllable (all MFA phones)
ㄨㄢˊ	rhyme_tone	w a˥˩ n	万	wan2	whole syllable (all MFA phones)
ㄨㄢˋ	rhyme_tone	w a˥˩ n	万	wan4	whole syllable (all MFA phones)
ㄨㄢ˙	rhyme_tone	w a˥˩ n	万	wan5	whole syllable (all MFA phones)
ㄨㄣˇ	rhyme_tone	w ə˥˩ n	文	wen3	whole syllable (all MFA phones)
ㄨㄣˉ	rhyme_tone	w ə˥˩ n	文	wen1	whole syllable (all MFA phones)
ㄨㄣˊ	rhyme_tone	w ə˥˩ n	文	wen2	whole syllable (all MFA phones)
ㄨㄣˋ	rhyme_tone	w ə˥˩ n	文	wen4	whole syllable (all MFA phones)
ㄨㄣ˙	rhyme_tone	w ə˥˩ n	文	wen5	whole syllable (all MFA phones)
ㄨㄤˇ	rhyme_tone	w a˥˩ ŋ	王	wang3	whole syllable (all MFA phones)
ㄨㄤˉ	rhyme_tone	w a˥˩ ŋ	王	wang1	whole syllable (all MFA phones)
ㄨㄤˊ	rhyme_tone	w a˥˩ ŋ	王	wang2	whole syllable (all MFA phones)
ㄨㄤˋ	rhyme_tone	w a˥˩ ŋ	王	wang4	whole syllable (all MFA phones)
ㄨㄤ˙	rhyme_tone	w a˥˩ ŋ	王	wang5	whole syllable (all MFA phones)
ㄨㄥˇ	rhyme_tone	u˥ ŋ	冲	chong3	rhyme phones only (initial mapped separately)
ㄨㄥˉ	rhyme_tone	u˥ ŋ	冲	chong1	rhyme phones only (initial mapped separately)
ㄨㄥˊ	rhyme_tone	u˥ ŋ	冲	chong2	rhyme phones only (initial mapped separately)
ㄨㄥˋ	rhyme_tone	u˥ ŋ	冲	chong4	rhyme phones only (initial mapped separately)
ㄨㄥ˙	rhyme_tone	u˥ ŋ	冲	chong5	rhyme phones only (initial mapped separately)
ㄩˇ	rhyme_tone	y˧˥	鱼	yu3	whole syllable (all MFA phones)
ㄩˉ	rhyme_tone	y˧˥	鱼	yu1	whole syllable (all MFA phones)
ㄩˊ	rhyme_tone	y˧˥	鱼	yu2	whole syllable (all MFA phones)
ㄩˋ	rhyme_tone	y˧˥	鱼	yu4	whole syllable (all MFA phones)
ㄩ˙	rhyme_tone	y˧˥	鱼	yu5	whole syllable (all MFA phones)
ㄩㄝˇ	rhyme_tone	ɥ e˥˩	月	yue3	whole syllable (all MFA phones)
ㄩㄝˉ	rhyme_tone	ɥ e˥˩	月	yue1	whole syllable (all MFA phones)
ㄩㄝˊ	rhyme_tone	ɥ e˥˩	月	yue2	whole syllable (all MFA phones)
ㄩㄝˋ	rhyme_tone	ɥ e˥˩	月	yue4	whole syllable (all MFA phones)
ㄩㄝ˙	rhyme_tone	ɥ e˥˩	月	yue5	whole syllable (all MFA phones)
ㄩㄢˇ	rhyme_tone	ɥ e˧˥ n	元	yuan3	whole syllable (all MFA phones)
ㄩㄢˉ	rhyme_tone	ɥ e˧˥ n	元	yuan1	whole syllable (all MFA phones)
ㄩㄢˊ	rhyme_tone	ɥ e˧˥ n	元	yuan2	whole syllable (all MFA phones)
ㄩㄢˋ	rhyme_tone	ɥ e˧˥ n	元	yuan4	whole syllable (all MFA phones)
ㄩㄢ˙	rhyme_tone	ɥ e˧˥ n	元	yuan5	whole syllable (all MFA phones)
ㄩㄣˇ	rhyme_tone	y˧˥ n	云	yun3	whole syllable (all MFA phones)
ㄩㄣˉ	rhyme_tone	y˧˥ n	云	yun1	whole syllable (all MFA phones)
ㄩㄣˊ	rhyme_tone	y˧˥ n	云	yun2	whole syllable (all MFA phones)
ㄩㄣˋ	rhyme_tone	y˧˥ n	云	yun4	whole syllable (all MFA phones)
ㄩㄣ˙	rhyme_tone	y˧˥ n	云	yun5	whole syllable (all MFA phones)
ㄩㄥˇ	rhyme_tone	j u˥˩ ŋ	用	yong3	whole syllable (all MFA phones)
ㄩㄥˉ	rhyme_tone	j u˥˩ ŋ	用	yong1	whole syllable (all MFA phones)
ㄩㄥˊ	rhyme_tone	j u˥˩ ŋ	用	yong2	whole syllable (all MFA phones)
ㄩㄥˋ	rhyme_tone	j u˥˩ ŋ	用	yong4	whole syllable (all MFA phones)
ㄩㄥ˙	rhyme_tone	j u˥˩ ŋ	用	yong5	whole syllable (all MFA phones)
