phone,count_baseline,count_cleaned,p95_ms_baseline,p95_ms_cleaned,p95_ms_delta_pct,p99_ms_baseline,p99_ms_cleaned,p99_ms_delta_pct
AA0,170,168,129.9999999999999,129.9999999999999,0.0,153.10000000000022,153.30000000000032,0.1306335728282835
AA1,8114,7865,229.99999999999997,229.99999999999997,0.0,299.99999999999983,299.99999999999983,0.0
AA2,315,307,160.00000000000014,160.00000000000014,0.0,190.00000000000034,190.00000000000037,1.4958794437054715e-14
AE0,132,132,154.4999999999998,154.4999999999998,0.0,200.0000000000001,200.0000000000001,0.0
AE1,10789,10390,209.99999999999997,209.99999999999997,0.0,309.99999999999966,309.99999999999994,9.168293364646464e-14
AE2,262,256,179.49999999999983,180.0,0.27855153203352145,231.69999999999956,233.49999999999963,0.7768666378938591
AH0,28113,27795,100.00000000000009,100.00000000000009,0.0,159.99999999999991,150.00000000000034,-6.249999999999737
AH1,7414,7342,159.99999999999991,159.99999999999991,0.0,239.99999999999986,239.99999999999977,-3.552713678800503e-14
AH2,356,354,150.00000000000014,150.00000000000014,0.0,194.49999999999986,194.69999999999968,0.10282776349605051
AO0,68,65,120.00000000000003,120.00000000000007,3.5527136788005e-14,169.99999999999997,169.99999999999997,0.0
AO1,3057,3022,180.00000000000006,179.99999999999994,-6.315935428978666e-14,240.00000000000023,240.0,-9.473903143467994e-14
AO2,129,128,130.00000000000026,130.00000000000026,0.0,160.00000000000009,160.00000000000009,0.0
AW0,5,5,148.00000000000014,148.00000000000014,0.0,149.60000000000014,149.60000000000014,0.0
AW1,2704,2578,329.99999999999983,250.0,-24.242424242424203,459.99999999999994,390.0,-15.217391304347816
AW2,93,92,200.0,194.5,-2.75,253.19999999999993,222.70000000000027,-12.045813586097815
AY0,172,171,174.4999999999999,175.0,0.28653295128946366,202.89999999999992,203.0000000000001,0.04928536224750779
AY1,9486,7539,250.0,250.99999999999486,0.3999999999979423,330.00000000000006,320.00000000000017,-3.030303030302995
AY2,462,459,279.9999999999994,279.9999999999994,0.0,330.00000000000006,330.0,-1.7225278442669093e-14
B,7282,6877,109.99999999999999,109.99999999999999,0.0,130.0000000000001,130.0000000000001,0.0
CH,1926,1817,209.99999999999997,189.99999999999994,-9.523809523809538,320.00000000000006,229.99999999999997,-28.12500000000002
D,16875,15454,119.99999999999989,109.99999999999999,-8.333333333333258,149.99999999999991,139.99999999999991,-6.6666666666666705
DH,10054,8477,100.00000000000009,80.00000000000007,-20.0,139.99999999999997,110.00000000000031,-21.42857142857119
EH0,176,175,122.50000000000006,122.99999999999987,0.40816326530597147,140.0000000000001,140.0000000000001,0.0
EH1,10646,10462,170.00000000000037,179.49999999998886,5.588235294110864,229.99999999999997,229.99999999999997,0.0
EH2,451,448,139.99999999999994,139.99999999999997,2.0301221021717158e-14,180.00000000000006,180.00000000000006,0.0
ER0,7603,6908,240.0,190.0000000000004,-20.83333333333317,309.99999999999983,270.0,-12.903225806451566
ER1,2038,2023,231.49999999999898,229.99999999999997,-0.6479481641464414,300.00000000000006,290.00000000000006,-3.3333333333333326
ER2,46,46,197.49999999999994,197.49999999999994,0.0,209.99999999999997,209.99999999999997,0.0
EY0,86,85,157.5000000000002,150.00000000000026,-4.76190476190472,193.00000000000003,184.7999999999998,-4.248704663212546
EY1,5837,5562,290.00000000000006,240.00000000000023,-17.241379310344765,426.4000000000032,369.99999999999994,-13.227016885554137
EY2,465,420,315.9999999999991,220.49999999999974,-30.22151898734165,383.6000000000001,270.0,-29.614181438998973
F,7647,7246,169.99999999999994,160.0,-5.882352941176439,229.99999999999997,199.99999999999997,-13.043478260869568
G,3617,3445,120.0,119.99999999999989,-9.473903143468003e-14,140.0000000000001,140.00000000000006,-4.0602442043434266e-14
HH,8054,6229,149.99999999999991,150.00000000000003,7.579122514774407e-14,180.00000000000003,189.99999999999994,5.555555555555507
IH0,13011,12889,120.00000000000011,120.00000000000011,0.0,180.00000000000006,180.00000000000006,0.0
IH1,10865,9974,139.9999999999997,139.99999999999991,1.6240976817373757e-13,199.99999999999994,199.99999999999994,0.0
IH2,604,601,139.9999999999999,139.99999999999991,2.0301221021717164e-14,169.7000000000003,170.00000000000003,0.17678255745417007
IY0,7821,7007,250.00000000000006,209.99999999999997,-16.000000000000032,309.99999999999994,289.99999999999994,-6.451612903225808
IY1,6914,6588,260.0,210.00000000000009,-19.230769230769198,379.9999999999999,309.99999999999994,-18.421052631578938
IY2,151,146,179.99999999999986,174.99999999999983,-2.7777777777777954,260.0,241.00000000000023,-7.3076923076922204
JH,1953,1784,180.00000000000017,150.00000000000034,-16.666666666666558,280.0000000000002,201.70000000000087,-27.964285714285463
K,11992,11485,150.00000000000003,140.0000000000001,-6.666666666666608,200.00000000000017,179.99999999999994,-10.000000000000105
L,15529,14836,179.99999999999994,150.00000000000003,-16.666666666666625,259.9999999999998,229.99999999999997,-11.538461538461473
M,12435,11368,140.0000000000001,120.00000000000011,-14.285714285714274,190.0000000000001,169.99999999999994,-10.526315789473768
N,25438,23950,139.99999999999991,119.99999999999989,-14.285714285714315,180.00000000000017,159.99999999999991,-11.111111111111242
NG,4525,4115,159.99999999999926,130.00000000000034,-18.74999999999941,199.99999999999994,179.99999999999994,-10.000000000000004
OW0,436,404,255.0,218.49999999999943,-14.313725490196303,360.00000000000006,329.09999999999906,-8.58333333333361
OW1,4806,4489,370.00000000000006,289.9999999999999,-21.621621621621664,450.0,410.00000000000006,-8.888888888888877
OW2,206,178,250.0,211.5000000000001,-15.399999999999956,298.99999999999983,270.0,-9.698996655518343
OY0,1,1,209.99999999999997,209.99999999999997,0.0,209.99999999999997,209.99999999999997,0.0
OY1,500,490,300.00000000000006,290.00000000000006,-3.3333333333333326,350.1,350.0000000000001,-0.028563267637791788
OY2,18,18,243.0,243.0,0.0,256.60000000000014,256.60000000000014,0.0
P,8005,7588,139.9999999999997,139.9999999999997,0.0,160.00000000000014,160.00000000000014,0.0
R,17237,16693,179.99999999999994,159.99999999999991,-11.11111111111113,256.3999999999941,220.79999999998165,-13.884555382220471
S,18184,16489,229.99999999999997,180.00000000000006,-21.739130434782574,289.9999999999996,250.0,-13.793103448275742
SH,2791,2608,189.99999999999994,179.99999999999994,-5.263157894736844,239.9999999999998,219.99999999999994,-8.333333333333282
T,29751,27700,150.00000000000014,130.0000000000001,-13.33333333333334,240.00000000000023,179.99999999999994,-25.000000000000096
TH,2845,2671,160.00000000000014,159.99999999999991,-1.421085471520199e-13,209.99999999999997,190.00000000000023,-9.523809523809405
UH0,22,22,59.50000000000006,59.50000000000006,0.0,75.80000000000005,75.80000000000005,0.0
UH1,3159,3159,150.00000000000014,150.00000000000014,0.0,344.20000000000067,344.20000000000067,0.0
UH2,54,54,160.00000000000014,160.00000000000014,0.0,197.6,197.6,0.0
UW0,327,311,160.00000000000014,150.00000000000009,-6.25000000000003,287.4000000000002,259.0,-9.881697981906814
UW1,8743,8071,270.0,209.99999999999997,-22.222222222222232,385.7999999999992,320.0000000000001,-17.055469155002395
UW2,112,109,244.49999999999977,235.9999999999998,-3.4764826175869032,306.6999999999997,307.5999999999997,0.2934463645255879
V,7677,7551,120.0,110.0000000000001,-8.33333333333325,160.00000000000014,140.0000000000001,-12.500000000000005
W,9172,8751,129.9999999999999,129.9999999999999,0.0,150.00000000000014,150.00000000000003,-7.579122514774394e-14
Y,7148,6390,180.00000000000017,180.00000000000017,0.0,229.99999999999997,229.99999999999997,0.0
Z,10462,9191,209.99999999999997,139.99999999999991,-33.333333333333364,250.0,209.99999999999997,-16.00000000000001
ZH,216,215,119.99999999999989,113.00000000000001,-5.833333333333232,130.00000000000009,130.0,-6.55885602240092e-14
