phone,count,mean_ms,std_ms,min_ms,p01_ms,p05_ms,p10_ms,p25_ms,p50_ms,p75_ms,p90_ms,p95_ms,p99_ms,max_ms,mean_frames_16ms,p05_frames_16ms,p50_frames_16ms,p95_frames_16ms,lt_1_frame_ratio,lt_2_frames_ratio,ge_10_frames_ratio
AA0,170,60.529411764705905,32.4900304112595,29.999999999999805,29.999999999999805,29.999999999999915,30.00000000000003,30.00000000000025,50.00000000000027,80.00000000000007,109.99999999999999,129.9999999999999,153.10000000000022,169.99999999999994,3.783088235294119,1.8749999999999947,3.125000000000017,8.124999999999993,0.0,0.31176470588235294,0.0058823529411764705
AA1,8114,112.55607591816613,55.10000206389396,29.999999999999805,39.99999999999992,49.99999999999982,50.00000000000027,79.99999999999963,100.00000000000009,130.0000000000008,180.0,229.99999999999997,299.99999999999983,590.0,7.034754744885383,3.124999999999989,6.250000000000005,14.374999999999998,0.0,0.005299482376140005,0.14801577520335224
AA2,315,87.11111111111111,39.14446629630523,29.999999999999805,29.99999999999997,30.00000000000003,40.000000000000036,59.99999999999997,80.00000000000007,109.99999999999987,140.0000000000001,160.00000000000014,190.00000000000034,219.99999999999997,5.444444444444445,1.8750000000000018,5.000000000000004,10.000000000000009,0.0,0.06666666666666667,0.05714285714285714
AE0,132,72.57575757575758,38.76153224527943,29.999999999999805,29.999999999999805,30.00000000000003,30.00000000000025,49.99999999999982,60.00000000000006,89.99999999999989,110.0000000000001,154.4999999999998,200.0000000000001,260.0000000000002,4.535984848484849,1.8750000000000018,3.7500000000000036,9.656249999999988,0.0,0.11363636363636363,0.045454545454545456
AE1,10789,106.65492631383817,54.40787207531357,29.999999999999805,30.0,39.99999999999998,49.99999999999982,70.0,100.0,130.0,169.99999999999994,209.99999999999997,309.99999999999966,559.9999999999997,6.665932894614886,2.4999999999999987,6.25,13.124999999999998,0.0,0.04031884326628974,0.12457132264343312
AE2,262,103.12977099236642,41.62874758070912,30.00000000000003,30.00000000000003,40.000000000000036,51.00000000000022,80.00000000000003,100.0,120.00000000000011,150.00000000000003,179.49999999999983,231.69999999999956,290.00000000000006,6.445610687022901,2.500000000000002,6.25,11.21874999999999,0.0,0.030534351145038167,0.08015267175572519
AH0,28113,53.49267093515456,27.46822003698922,9.999999999999787,10.000000000000009,29.999999999999805,30.00000000000003,40.000000000000036,49.99999999999982,60.00000000000006,80.00000000000007,100.00000000000009,159.99999999999991,490.0000000000002,3.34329193344716,1.8749999999999878,3.124999999999989,6.250000000000005,0.021022302849215666,0.18710205243125955,0.00978195141037954
AH1,7414,81.3946587537092,40.961895530085954,29.99999999999936,29.999999999999805,30.00000000000025,40.000000000000036,50.00000000000004,70.00000000000028,99.99999999999997,129.9999999999999,159.99999999999991,239.99999999999986,370.00000000000006,5.087166172106825,1.8750000000000155,4.375000000000018,9.999999999999995,0.0,0.05489614243323442,0.047882384677636905
AH2,356,82.8932584269663,34.42627458087043,29.999999999999805,39.99999999999992,40.000000000000036,49.99999999999982,59.999999999999986,79.99999999999984,99.99999999999997,130.00000000000006,150.00000000000014,194.49999999999986,199.99999999999994,5.180828651685394,2.500000000000002,4.99999999999999,9.375000000000009,0.0,0.0028089887640449437,0.0449438202247191
AO0,68,57.20588235294117,31.708487833576083,29.999999999999805,29.999999999999805,29.999999999999805,30.00000000000003,30.00000000000025,49.99999999999982,69.99999999999989,90.00000000000003,120.00000000000003,169.99999999999997,170.00000000000003,3.575367647058823,1.8749999999999878,3.124999999999989,7.500000000000002,0.0,0.2647058823529412,0.04411764705882353
AO1,3057,89.80045796532548,46.02902712097285,29.99999999999936,30.00000000000003,39.99999999999999,40.000000000000036,59.99999999999983,80.00000000000007,110.0000000000001,149.99999999999991,180.00000000000006,240.00000000000023,339.99999999999994,5.612528622832842,2.4999999999999996,5.000000000000004,11.250000000000004,0.0,0.03663722603859994,0.07687275106313379
AO2,129,73.2558139534884,36.518292977792626,29.999999999999805,29.999999999999805,30.00000000000003,30.00000000000003,40.000000000000036,69.99999999999984,99.99999999999997,120.00000000000011,130.00000000000026,160.00000000000009,240.0,4.578488372093025,1.8750000000000018,4.37499999999999,8.125000000000016,0.0,0.15503875968992248,0.015503875968992248
AW0,5,126.00000000000011,16.24807680927191,110.0000000000001,110.00000000000011,110.00000000000014,110.00000000000018,110.00000000000031,119.99999999999989,140.0000000000001,146.00000000000014,148.00000000000014,149.60000000000014,150.00000000000014,7.875000000000007,6.875000000000009,7.499999999999993,9.250000000000009,0.0,0.0,0.0
AW1,2704,169.17720636094674,73.15236795808674,79.99999999999984,89.99999999999986,99.99999999999987,100.00000000000054,120.00000000000011,150.00000000000003,189.99999999999994,240.0,329.99999999999983,459.99999999999994,880.0000000000001,10.573575397559171,6.249999999999992,9.375000000000002,20.62499999999999,0.0,0.0,0.44452662721893493
AW2,93,130.96774193548387,33.635123607063434,90.00000000000009,90.00000000000009,99.99999999999964,99.99999999999999,109.99999999999999,120.00000000000011,140.0,160.0000000000001,200.0,253.19999999999993,290.00000000000006,8.185483870967742,6.249999999999978,7.500000000000007,12.5,0.0,0.0,0.11827956989247312
AY0,172,119.06976744186045,31.737583434652027,40.000000000000036,57.09999999999997,69.99999999999999,79.99999999999986,99.99999999999987,119.99999999999989,139.99999999999991,160.0,174.4999999999999,202.89999999999992,209.99999999999997,7.441860465116278,4.374999999999999,7.499999999999993,10.906249999999993,0.0,0.0,0.10465116279069768
AY1,9486,139.3000210837023,56.19286250719628,29.999999999999805,60.00000000000006,70.00000000000006,80.00000000000007,100.00000000000009,130.0,160.0,209.99999999999997,250.0,330.00000000000006,550.0,8.706251317731393,4.3750000000000036,8.125,15.625,0.0,0.000843348091924942,0.25332068311195444
AY2,462,159.95670995670994,63.39935839937712,69.99999999999984,70.00000000000028,80.00000000000007,89.99999999999997,109.99999999999987,140.00000000000057,199.99999999999994,250.0,279.9999999999994,330.00000000000006,439.99999999999994,9.997294372294371,5.000000000000004,8.750000000000036,17.49999999999996,0.0,0.0,0.44805194805194803
B,7282,66.02993683054106,23.617865126071088,10.000000000000002,30.0,39.99999999999992,40.000000000000036,49.99999999999982,60.00000000000006,80.00000000000007,99.99999999999997,109.99999999999999,130.0000000000001,209.99999999999997,4.126871051908816,2.499999999999995,3.7500000000000036,6.874999999999999,0.00027464982147761604,0.03240867893435869,0.0008239494644328481
CH,1926,133.59293873312564,45.19449639785407,40.000000000000036,69.99999999999984,80.00000000000007,89.99999999999986,100.00000000000009,129.9999999999999,150.00000000000003,180.00000000000006,209.99999999999997,320.00000000000006,399.9999999999999,8.349558670820352,5.000000000000004,8.124999999999993,13.124999999999998,0.0,0.0,0.20041536863966772
D,16875,64.31662465185185,25.73957576359773,29.99999999999936,29.999999999999805,30.00000000000003,39.99999999999998,49.99999999999982,60.00000000000006,79.99999999999984,100.00000000000009,119.99999999999989,149.99999999999991,240.0,4.019789040740741,1.8750000000000018,3.7500000000000036,7.499999999999993,0.0,0.07674074074074073,0.004977777777777778
DH,10054,53.03461308931769,24.081524627630607,9.999999999999787,10.000000000000009,29.999999999999915,30.00000000000003,40.000000000000036,49.99999999999982,60.00000000000006,80.00000000000007,100.00000000000009,139.99999999999997,270.0,3.3146633180823555,1.8749999999999947,3.124999999999989,6.250000000000005,0.01571513825343147,0.16321861945494331,0.004575293415555998
EH0,176,59.034090909090885,28.992141906995617,29.99999999999936,29.99999999999936,29.999999999999886,30.00000000000003,40.000000000000036,50.00000000000004,69.99999999999997,104.99999999999991,122.50000000000006,140.0000000000001,160.00000000000003,3.6896306818181803,1.874999999999993,3.1250000000000027,7.6562500000000036,0.0,0.1875,0.005681818181818182
EH1,10646,88.2660154048469,42.94900252619236,29.99999999999936,30.00000000000025,40.000000000000036,40.000000000000036,59.99999999999983,79.99999999999996,109.99999999999999,149.99999999999991,170.00000000000037,229.99999999999997,360.0000000000001,5.516625962802931,2.500000000000002,4.999999999999997,10.625000000000023,0.0,0.015404846890851025,0.07270336276535788
EH2,451,69.17960088691798,34.64090261187372,29.999999999999805,30.00000000000003,30.00000000000025,39.99999999999992,40.000000000000036,59.99999999999994,89.99999999999986,119.99999999999989,139.99999999999994,180.00000000000006,229.99999999999997,4.323725055432374,1.8750000000000155,3.7499999999999964,8.749999999999996,0.0,0.082039911308204,0.022172949002217297
ER0,7603,100.93855491253453,63.85352953817573,29.99999999999936,29.999999999999805,39.99999999999992,40.000000000000036,50.00000000000027,80.00000000000007,129.9999999999999,190.0000000000004,240.0,309.99999999999983,519.9999999999995,6.308659682033408,2.499999999999995,5.000000000000004,15.0,0.0,0.04195712218860976,0.15717479942128107
ER1,2038,135.81943081452405,52.13395947357554,50.00000000000004,60.00000000000006,70.00000000000028,80.00000000000007,99.99999999999997,125.0,159.99999999999997,209.99999999999997,231.49999999999898,300.00000000000006,540.0,8.488714425907753,4.375000000000018,7.8125,14.468749999999936,0.0,0.0,0.2477919528949951
ER2,46,101.30434782608694,44.84798941992212,50.00000000000004,50.00000000000034,59.99999999999972,60.0000000000005,70.00000000000028,80.00000000000007,117.50000000000003,179.99999999999972,197.49999999999994,209.99999999999997,209.99999999999997,6.331521739130434,3.7499999999999827,5.000000000000004,12.343749999999996,0.0,0.0,0.17391304347826086
EY0,86,108.48837209302326,31.641797565307048,50.00000000000004,50.000000000000234,59.99999999999971,60.00000000000006,90.00000000000009,109.99999999999987,129.9999999999999,140.0000000000001,157.5000000000002,193.00000000000003,209.99999999999974,6.780523255813954,3.749999999999982,6.874999999999992,9.843750000000012,0.0,0.0,0.05813953488372093
EY1,5837,139.16241219804695,70.3823466184477,49.99999999999982,60.00000000000006,70.00000000000006,80.00000000000007,99.99999999999964,120.0,150.00000000000034,220.0,290.00000000000006,426.4000000000032,530.0000000000002,8.697650762377934,4.3750000000000036,7.5,18.125000000000004,0.0,0.0,0.2311118725372623
EY2,465,135.247311827957,73.46708075825065,30.00000000000025,46.3999999999999,60.00000000000006,69.99999999999984,89.99999999999986,110.00000000000031,159.99999999999991,229.99999999999997,315.9999999999991,383.6000000000001,460.00000000000017,8.452956989247312,3.7500000000000036,6.8750000000000195,19.749999999999943,0.0,0.002150537634408602,0.24946236559139784
F,7647,108.63078658297371,34.899402370633005,10.000000000000009,49.99999999999982,60.00000000000006,69.99999999999996,80.00000000000007,100.00000000000054,129.9999999999999,149.99999999999991,169.99999999999994,229.99999999999997,309.99999999999994,6.789424161435857,3.7500000000000036,6.250000000000034,10.624999999999996,0.0001307702366941284,0.0002615404733882568,0.07022361710474696
G,3617,75.69256289742881,23.251638366810397,29.999999999999805,30.00000000000025,40.000000000000036,49.999999999999936,60.0,70.00000000000006,89.99999999999997,109.99999999999987,120.0,140.0000000000001,220.0000000000002,4.730785181089301,2.500000000000002,4.3750000000000036,7.5,0.0,0.011888305225324854,0.004700027647221454
HH,8054,76.70101812763843,41.049743685243705,20.000000000000018,29.999999999999805,30.0,30.0,40.00000000000001,70.00000000000006,109.99999999999987,130.0,149.99999999999991,180.00000000000003,439.99999999999994,4.793813632977402,1.875,4.3750000000000036,9.374999999999995,0.0,0.22324310901415445,0.029923019617581325
IH0,13011,60.758588886326955,31.335666044719993,29.99999999999936,29.999999999999805,30.00000000000003,30.00000000000025,40.000000000000036,50.00000000000004,70.0,99.99999999999997,120.00000000000011,180.00000000000006,349.9999999999999,3.7974118053954347,1.8750000000000018,3.1250000000000027,7.500000000000007,0.0,0.11444162631619399,0.020905387748827914
IH1,10865,73.65945697192821,33.17179756627353,29.99999999999936,30.00000000000003,39.99999999999992,40.000000000000036,50.00000000000004,69.99999999999984,89.99999999999986,110.0000000000001,139.9999999999997,199.99999999999994,390.0000000000001,4.603716060745513,2.499999999999995,4.37499999999999,8.74999999999998,0.0,0.0393005062126093,0.024942475839852738
IH2,604,70.0,33.08127659155783,29.99999999999936,29.999999999999808,30.00000000000003,39.999999999999815,47.49999999999987,60.00000000000006,80.00000000000007,120.00000000000011,139.9999999999999,169.7000000000003,219.99999999999997,4.375,1.8750000000000018,3.7500000000000036,8.749999999999993,0.0,0.08609271523178808,0.018211920529801324
IY0,7821,102.57587495205217,65.61749187767934,29.999999999999805,29.99999999999997,39.99999999999998,49.99999999999982,60.00000000000006,80.00000000000007,120.00000000000011,209.99999999999997,250.00000000000006,309.99999999999994,410.00000000000006,6.410992184503261,2.4999999999999987,5.000000000000004,15.625000000000004,0.0,0.035161744022503515,0.17069428461833525
IY1,6914,116.05192970783916,66.32774112552202,29.999999999999805,40.000000000000036,49.999999999999936,59.99999999999961,70.00000000000006,100.00000000000009,130.00000000000034,190.0000000000004,260.0,379.9999999999999,520.0,7.253245606739948,3.124999999999996,6.250000000000005,16.25,0.0,0.001590974833670813,0.16372577379230546
IY2,151,84.76821192052981,50.360744160823415,29.99999999999997,30.00000000000003,30.00000000000025,40.000000000000036,49.99999999999982,70.00000000000006,109.99999999999999,149.99999999999991,179.99999999999986,260.0,300.00000000000006,5.298013245033113,1.8750000000000155,4.3750000000000036,11.249999999999991,0.0,0.059602649006622516,0.06622516556291391
JH,1953,103.48182283666155,42.34863473184411,29.999999999999805,49.99999999999982,60.00000000000006,69.99999999999984,79.99999999999996,90.0000000000003,119.99999999999989,149.99999999999997,180.00000000000017,280.0000000000002,369.9999999999999,6.467613927291347,3.7500000000000036,5.625000000000019,11.25000000000001,0.0,0.0005120327700972862,0.07936507936507936
K,11992,90.20013342228152,33.30214199952782,29.99999999999936,40.000000000000036,49.999999999999936,59.99999999999961,69.99999999999984,80.00000000000007,109.99999999999987,130.0000000000001,150.00000000000003,200.00000000000017,299.99999999999983,5.637508338892595,3.124999999999996,5.000000000000004,9.375000000000002,0.0,0.0025016677785190127,0.03985990660440294
L,15529,85.89215879966513,44.96445884183179,29.99999999999936,29.99999999999997,39.99999999999992,40.000000000000036,59.99999999999994,79.99999999999984,100.00000000000009,139.99999999999991,179.99999999999994,259.9999999999998,450.00000000000017,5.36825992497907,2.499999999999995,4.99999999999999,11.249999999999996,0.0,0.03915255328739777,0.06645630755360937
M,12435,78.12440691596301,34.50764816292627,29.99999999999936,30.00000000000003,40.000000000000036,49.99999999999982,59.99999999999994,70.00000000000006,89.99999999999997,120.0,140.0000000000001,190.0000000000001,580.0,4.882775432247688,2.500000000000002,4.3750000000000036,8.750000000000007,0.0,0.020908725371934056,0.033051869722557296
N,25438,65.26426507587074,33.44533526284811,9.999999999999787,29.999999999999805,30.00000000000003,30.00000000000025,40.000000000000036,59.99999999999983,79.99999999999984,109.99999999999999,139.99999999999991,180.00000000000017,309.9999999999996,4.079016567241921,1.8750000000000018,3.7499999999999893,8.749999999999995,3.931126660901014e-05,0.10507901564588411,0.024215740231150248
NG,4525,84.40489856353591,35.195767760689726,29.999999999999805,39.99999999999998,40.000000000000036,49.99999999999982,60.00000000000006,79.99999999999984,99.99999999999997,130.0,159.99999999999926,199.99999999999994,330.00000000000006,5.275306160220994,2.500000000000002,4.99999999999999,9.999999999999954,0.0,0.0037569060773480663,0.04464088397790055
OW0,436,99.26605504587155,71.3333873476676,29.999999999999805,30.00000000000003,37.5,40.000000000000036,59.99999999999961,79.99999999999963,110.0000000000001,200.00000000000017,255.0,360.00000000000006,480.0,6.204128440366972,2.34375,4.999999999999977,15.9375,0.0,0.05045871559633028,0.14908256880733944
OW1,4806,146.8807827715356,88.3564264719723,30.0,49.999999999999936,60.00000000000006,70.00000000000006,90.00000000000009,120.00000000000001,160.00000000000014,260.0,370.00000000000006,450.0,639.9999999999999,9.180048923220975,3.7500000000000036,7.500000000000001,23.125000000000004,0.0,0.0006242197253433209,0.27132750728256344
OW2,206,108.25445145631069,59.39681287856394,40.000000000000036,40.000000000000036,50.00000000000004,59.999999999999886,69.99999999999996,89.99999999999999,127.49999999999994,190.00000000000017,250.0,298.99999999999983,360.00000000000034,6.765903216019418,3.1250000000000027,5.624999999999999,15.625,0.0,0.0,0.15048543689320387
OY0,1,209.99999999999997,0.0,209.99999999999997,209.99999999999997,209.99999999999997,209.99999999999997,209.99999999999997,209.99999999999997,209.99999999999997,209.99999999999997,209.99999999999997,209.99999999999997,209.99999999999997,13.124999999999998,13.124999999999998,13.124999999999998,13.124999999999998,0.0,0.0,1.0
OY1,500,175.42,62.331561828659495,80.00000000000001,89.99999999999986,90.00000000000071,100.00000000000009,130.0,160.00000000000014,209.99999999999997,270.0,300.00000000000006,350.1,380.00000000000034,10.96375,5.625000000000044,10.000000000000009,18.750000000000004,0.0,0.0,0.528
OY2,18,159.44444444444446,48.70229543098475,99.99999999999987,101.69999999999987,108.49999999999987,109.99999999999996,119.99999999999977,145.0,195.00000000000017,225.99999999999983,243.0,256.60000000000014,260.0000000000002,9.965277777777779,6.781249999999992,9.0625,15.1875,0.0,0.0,0.5
P,8005,88.40099937539038,26.830796982365833,29.999999999999805,40.000000000000036,49.99999999999982,59.99999999999961,69.99999999999999,89.99999999999986,100.00000000000009,120.00000000000011,139.9999999999997,160.00000000000014,209.99999999999997,5.525062460961899,3.124999999999989,5.624999999999991,8.74999999999998,0.0,0.0018738288569643974,0.012742036227357902
R,17237,80.33226008006032,46.201730549114295,29.99999999999936,29.999999999999805,30.00000000000003,40.00000000000001,49.99999999999982,69.99999999999996,99.99999999999997,130.0000000000001,179.99999999999994,256.3999999999941,360.00000000000006,5.02076625500377,1.8750000000000018,4.374999999999997,11.249999999999996,0.0,0.07367871439345594,0.06689099031153913
S,18184,118.1018477782666,51.21460838207872,29.999999999999805,40.000000000000036,59.99999999999961,60.00000000000006,80.00000000000007,109.99999999999987,140.0,180.00000000000017,229.99999999999997,289.9999999999996,390.0000000000001,7.381365486141663,3.7499999999999756,6.874999999999992,14.374999999999998,0.0,0.0003849538055433348,0.1615156181258249
SH,2791,129.50555356503045,33.89298427914511,10.000000000000009,79.99999999999963,80.00000000000007,90.00000000000009,109.99999999999987,120.00000000000011,149.99999999999991,169.99999999999994,189.99999999999994,239.9999999999998,390.0000000000001,8.094097097814403,5.000000000000004,7.500000000000007,11.874999999999996,0.00035829451809387314,0.0017914725904693658,0.1522751701898961
T,29751,74.85358478706598,41.99192853719222,9.999999999999995,29.999999999999805,30.00000000000003,30.00000000000025,49.99999999999982,69.99999999999984,89.99999999999997,120.00000000000011,150.00000000000014,240.00000000000023,380.0000000000001,4.678349049191624,1.8750000000000018,4.37499999999999,9.375000000000009,3.3612315552418406e-05,0.1082988807098921,0.04493966589358341
TH,2845,95.88400702987698,39.21058338858351,10.000000000000009,30.00000000000003,40.000000000000036,49.99999999999982,69.99999999999984,90.00000000000009,120.0,149.99999999999991,160.00000000000014,209.99999999999997,299.99999999999994,5.992750439367311,2.500000000000002,5.625000000000005,10.000000000000009,0.000351493848857645,0.03374340949033392,0.05869947275922671
UH0,22,39.090909090909086,12.759698952380162,29.999999999999805,29.999999999999805,29.99999999999981,29.99999999999998,30.00000000000003,30.00000000000025,47.49999999999987,50.00000000000023,59.50000000000006,75.80000000000005,80.00000000000007,2.443181818181818,1.8749999999999882,1.8750000000000155,3.7187500000000036,0.0,0.5454545454545454,0.0
UH1,3159,70.18360240582463,52.64180568516277,29.999999999999805,29.999999999999805,30.00000000000003,30.00000000000025,40.000000000000036,59.99999999999983,70.00000000000028,110.0000000000001,150.00000000000014,344.20000000000067,420.0,4.386475150364039,1.8750000000000018,3.7499999999999893,9.375000000000009,0.0,0.10034821145932257,0.0446343779677113
UH2,54,82.22222222222224,43.913495211932236,30.00000000000003,30.00000000000003,30.00000000000003,33.00000000000006,49.99999999999995,70.00000000000003,107.49999999999993,147.0,160.00000000000014,197.6,240.0,5.13888888888889,1.8750000000000018,4.375000000000002,10.000000000000009,0.0,0.1111111111111111,0.07407407407407407
UW0,327,84.89296636085626,53.910426723866024,29.99999999999936,29.999999999999805,29.999999999999805,30.00000000000003,40.000000000000036,70.00000000000028,110.00000000000031,149.99999999999991,160.00000000000014,287.4000000000002,350.0000000000001,5.3058103975535165,1.8749999999999878,4.375000000000018,10.000000000000009,0.0,0.14984709480122324,0.0672782874617737
UW1,8743,101.25936943840787,75.36093326920532,29.999999999999805,30.00000000000003,39.99999999999992,40.000000000000036,50.00000000000004,70.00000000000028,120.00000000000011,209.99999999999997,270.0,385.7999999999992,540.0,6.328710589900492,2.499999999999995,4.375000000000018,16.875,0.0,0.04037515726867208,0.15967059361775135
UW2,112,98.57142857142856,67.41207425307458,29.999999999999805,29.99999999999983,30.00000000000003,31.00000000000022,40.000000000000036,75.00000000000006,139.99999999999997,180.00000000000017,244.49999999999977,306.6999999999997,310.00000000000006,6.160714285714285,1.8750000000000018,4.6875000000000036,15.281249999999986,0.0,0.10714285714285714,0.1875
V,7677,70.0471538361339,25.212466781695426,29.99999999999936,30.00000000000003,40.000000000000036,49.99999999999982,50.00000000000027,69.99999999999984,80.00000000000007,100.00000000000009,120.0,160.00000000000014,280.0,4.377947114758369,2.500000000000002,4.37499999999999,7.5,0.0,0.022404585124397552,0.010811514914680213
W,9172,72.77147841255997,29.283396958226607,29.99999999999936,29.999999999999805,30.00000000000003,40.00000000000001,50.0,69.99999999999999,90.00000000000003,110.0000000000001,129.9999999999999,150.00000000000014,229.99999999999997,4.548217400784998,1.8750000000000018,4.374999999999999,8.124999999999993,0.0,0.06225468818142172,0.007304840819886612
Y,7148,90.57778399552322,49.58376518034686,29.99999999999936,29.999999999999805,30.00000000000003,39.999999999999815,49.999999999999986,80.00000000000007,120.00000000000011,160.0,180.00000000000017,229.99999999999997,370.0000000000001,5.661111499720201,1.8750000000000018,5.000000000000004,11.25000000000001,0.0,0.09345271404588697,0.10744264129826525
Z,10462,96.2122124832728,46.79747191953951,29.999999999999805,40.000000000000036,50.00000000000004,60.0,69.99999999999996,80.00000000000007,100.00000000000009,169.99999999999994,209.99999999999997,250.0,310.00000000000006,6.01326328020455,3.1250000000000027,5.000000000000004,13.124999999999998,0.0,0.0005735041101127892,0.12005352705027719
ZH,216,92.4074074074074,14.521399940826184,60.00000000000006,69.99999999999984,70.00000000000006,79.99999999999984,80.00000000000007,90.00000000000001,100.00000000000009,109.99999999999987,119.99999999999989,130.00000000000009,189.99999999999994,5.775462962962963,4.3750000000000036,5.625000000000001,7.499999999999993,0.0,0.0,0.004629629629629629
