phone,count,mean_ms,std_ms,min_ms,p01_ms,p05_ms,p10_ms,p25_ms,p50_ms,p75_ms,p90_ms,p95_ms,p99_ms,max_ms,mean_frames_16ms,p05_frames_16ms,p50_frames_16ms,p95_frames_16ms,lt_1_frame_ratio,lt_2_frames_ratio,ge_10_frames_ratio
AA0,168,60.476190476190496,32.56512748853704,29.999999999999805,29.999999999999805,29.999999999999915,30.00000000000003,30.00000000000025,50.00000000000027,80.00000000000007,109.99999999999999,129.9999999999999,153.30000000000032,169.99999999999994,3.779761904761906,1.8749999999999947,3.1250000000000164,8.124999999999993,0.0,0.31547619047619047,0.005952380952380952
AA1,7865,113.2383979656707,54.80383790326592,29.999999999999805,39.99999999999992,49.99999999999982,59.99999999999983,79.99999999999984,100.00000000000009,139.9999999999997,180.00000000000006,229.99999999999997,299.99999999999983,590.0,7.077399872854419,3.124999999999989,6.250000000000006,14.375,0.0,0.0050858232676414495,0.14990464081373173
AA2,307,87.36156351791531,38.99230970906855,29.999999999999805,29.99999999999997,30.00000000000003,40.000000000000036,59.99999999999997,80.00000000000007,109.99999999999987,140.0000000000001,160.00000000000014,190.00000000000037,219.99999999999997,5.460097719869707,1.8750000000000018,5.000000000000004,10.000000000000009,0.0,0.06840390879478828,0.05537459283387622
AE0,132,72.57575757575758,38.76153224527943,29.999999999999805,29.999999999999805,30.00000000000003,30.00000000000025,49.99999999999982,60.00000000000006,89.99999999999989,110.0000000000001,154.4999999999998,200.0000000000001,260.0000000000002,4.535984848484849,1.8750000000000018,3.7500000000000036,9.656249999999988,0.0,0.11363636363636363,0.045454545454545456
AE1,10390,106.96342637151106,54.29528939629698,29.999999999999805,30.00000000000003,40.000000000000036,49.99999999999982,70.0,100.00000000000003,130.0,169.99999999999994,209.99999999999997,309.99999999999994,559.9999999999997,6.685214148219441,2.500000000000002,6.250000000000003,13.124999999999998,0.0,0.03801732435033686,0.12492781520692973
AE2,256,102.9296875,41.81912010256007,30.00000000000003,30.00000000000003,40.000000000000036,50.000000000000156,80.00000000000006,99.99999999999999,120.00000000000011,150.0,180.0,233.49999999999963,290.00000000000006,6.43310546875,2.500000000000002,6.25,11.249999999999998,0.0,0.03125,0.08203125
AH0,27795,53.05522576002878,26.411136446296705,9.999999999999787,10.000000000000009,29.999999999999805,30.00000000000003,40.000000000000036,49.99999999999982,60.00000000000006,80.00000000000007,100.00000000000009,150.00000000000034,490.0000000000002,3.315951610001799,1.8749999999999878,3.124999999999989,6.250000000000006,0.021262817053426874,0.18830724950530672,0.008382802662349344
AH1,7342,81.46690275129393,40.886228286470775,29.99999999999936,29.999999999999805,30.00000000000025,40.000000000000036,50.00000000000004,70.00000000000028,99.99999999999997,129.9999999999999,159.99999999999991,239.99999999999977,370.00000000000006,5.091681421955871,1.8750000000000153,4.375000000000018,9.999999999999995,0.0,0.054889675837646416,0.04807954235903024
AH2,354,82.96610169491525,34.50151856235175,29.999999999999805,39.99999999999992,40.000000000000036,49.99999999999982,60.0,79.99999999999984,99.99999999999997,130.00000000000009,150.00000000000014,194.69999999999968,199.99999999999994,5.185381355932203,2.500000000000002,4.99999999999999,9.375000000000009,0.0,0.002824858757062147,0.04519774011299435
AO0,65,57.076923076923066,32.092322442654634,29.999999999999805,29.999999999999805,29.999999999999805,30.00000000000003,30.00000000000025,49.99999999999982,69.99999999999984,90.00000000000006,120.00000000000007,169.99999999999997,170.00000000000003,3.5673076923076916,1.8749999999999878,3.124999999999989,7.500000000000004,0.0,0.27692307692307694,0.046153846153846156
AO1,3022,89.24553275976174,45.22346827650156,29.99999999999936,30.00000000000003,39.99999999999998,40.000000000000036,59.99999999999983,80.00000000000007,110.0000000000001,149.99999999999946,179.99999999999994,240.0,339.99999999999994,5.577845797485109,2.4999999999999987,5.000000000000004,11.249999999999995,0.0,0.037061548643282594,0.07445400397088021
AO2,128,73.51562500000001,36.54171083651359,29.999999999999805,29.999999999999805,30.00000000000003,30.00000000000003,40.000000000000036,69.99999999999984,100.0,120.00000000000011,130.00000000000026,160.00000000000009,240.0,4.594726562500001,1.8750000000000018,4.37499999999999,8.125000000000016,0.0,0.15625,0.015625
AW0,5,126.00000000000011,16.24807680927191,110.0000000000001,110.00000000000011,110.00000000000014,110.00000000000018,110.00000000000031,119.99999999999989,140.0000000000001,146.00000000000014,148.00000000000014,149.60000000000014,150.00000000000014,7.875000000000007,6.875000000000009,7.499999999999993,9.250000000000009,0.0,0.0,0.0
AW1,2578,160.0155159038014,58.66896844634746,79.99999999999984,89.99999999999986,99.99999999999987,100.00000000000009,120.00000000000011,149.99999999999997,180.00000000000006,219.9999999999998,250.0,390.0,880.0000000000001,10.000969743987588,6.249999999999992,9.374999999999998,15.625,0.0,0.0,0.41854150504266874
AW2,92,129.2391304347826,29.423212355737327,90.00000000000009,90.00000000000009,99.99999999999964,99.99999999999999,109.99999999999996,120.00000000000011,140.0,159.0000000000001,194.5,222.70000000000027,250.0,8.077445652173912,6.249999999999978,7.500000000000007,12.15625,0.0,0.0,0.10869565217391304
AY0,171,119.29824561403507,31.688892428655173,40.000000000000036,56.99999999999997,69.99999999999997,79.99999999999984,99.99999999999991,119.99999999999989,139.99999999999991,160.0,175.0,203.0000000000001,209.99999999999997,7.456140350877192,4.374999999999999,7.499999999999993,10.9375,0.0,0.0,0.10526315789473684
AY1,7539,140.25467568643057,56.77370767206894,29.999999999999805,60.00000000000006,70.00000000000006,80.00000000000007,100.00000000000009,129.9999999999999,160.00000000000014,219.99999999999974,250.99999999999486,320.00000000000017,480.0,8.76591723040191,4.375000000000004,8.124999999999993,15.687499999999678,0.0,0.0009285051067780873,0.2786841756201088
AY2,459,159.2156862745098,62.198600448335185,69.99999999999984,70.00000000000028,80.00000000000007,89.99999999999997,109.99999999999987,140.00000000000057,199.99999999999994,250.0,279.9999999999994,330.0,389.99999999999994,9.950980392156863,5.000000000000004,8.750000000000036,17.49999999999996,0.0,0.0,0.4444444444444444
B,6877,66.63806892540352,23.230052269024235,29.999999999999805,30.00000000000003,39.99999999999998,40.000000000000036,49.999999999999936,60.00000000000006,80.00000000000007,99.99999999999997,109.99999999999999,130.0000000000001,209.99999999999997,4.16487930783772,2.4999999999999987,3.7500000000000036,6.874999999999999,0.0,0.023993020212301874,0.0005816489748436818
CH,1817,129.44964226747385,36.11613416594751,40.000000000000036,69.99999999999984,80.00000000000007,89.99999999999986,100.00000000000009,129.99999999999946,149.99999999999997,170.00000000000014,189.99999999999994,229.99999999999997,350.0000000000001,8.090602641717116,5.000000000000004,8.124999999999966,11.874999999999998,0.0,0.0,0.17776554760594387
D,15454,62.18066519994824,23.60308679272269,29.99999999999936,29.999999999999805,30.00000000000003,39.99999999999992,49.99999999999982,60.0,70.00000000000028,90.0000000000003,109.99999999999999,139.99999999999991,240.0,3.886291574996765,1.8750000000000018,3.75,6.874999999999999,0.0,0.07991458522065485,0.0023942021483111166
DH,8477,49.653179190751445,18.471050417603383,9.999999999999787,10.000000000000009,29.999999999999805,30.00000000000003,40.000000000000036,49.99999999999982,60.00000000000006,70.00000000000006,80.00000000000007,110.00000000000031,270.0,3.1033236994219653,1.8749999999999878,3.124999999999989,5.000000000000004,0.018638669340568598,0.16680429397192403,0.0004718650465966734
EH0,175,58.9142857142857,29.03138344085234,29.99999999999936,29.99999999999936,29.999999999999883,30.00000000000003,40.000000000000036,50.00000000000004,69.9999999999999,105.99999999999986,122.99999999999987,140.0000000000001,160.00000000000003,3.682142857142856,1.8749999999999927,3.125000000000003,7.687499999999992,0.0,0.18857142857142858,0.005714285714285714
EH1,10462,87.9688396100172,43.08959984905054,29.99999999999936,30.00000000000025,40.000000000000036,40.000000000000036,59.99999999999983,79.99999999999996,109.99999999999999,149.99999999999991,179.49999999998886,229.99999999999997,360.0000000000001,5.498052475626075,2.500000000000002,4.999999999999997,11.218749999999302,0.0,0.015580194991397438,0.0736952781494934
EH2,448,69.15178571428574,34.727178997104524,29.999999999999805,30.00000000000003,30.00000000000025,39.99999999999992,40.000000000000036,59.99999999999994,89.99999999999986,119.99999999999991,139.99999999999997,180.00000000000006,229.99999999999997,4.321986607142857,1.8750000000000153,3.7499999999999964,8.75,0.0,0.08258928571428571,0.022321428571428572
ER0,6908,89.28633468442386,50.93023150811235,29.99999999999936,29.999999999999805,39.999999999999815,40.000000000000036,50.00000000000004,79.99999999999996,109.99999999999999,150.00000000000034,190.0000000000004,270.0,370.0,5.5803959177764915,2.4999999999999885,4.999999999999997,11.875000000000023,0.0,0.04617834394904458,0.09221192819918934
ER1,2023,134.74048442906573,50.04416613033238,50.00000000000004,60.00000000000006,70.00000000000028,80.00000000000007,99.99999999999997,120.00000000000011,159.99999999999991,200.00000000000017,229.99999999999997,290.00000000000006,540.0,8.421280276816608,4.375000000000018,7.500000000000007,14.375,0.0,0.0,0.24369747899159663
ER2,46,101.30434782608694,44.84798941992212,50.00000000000004,50.00000000000034,59.99999999999972,60.0000000000005,70.00000000000028,80.00000000000007,117.50000000000003,179.99999999999972,197.49999999999994,209.99999999999997,209.99999999999997,6.331521739130434,3.7499999999999827,5.000000000000004,12.343749999999998,0.0,0.0,0.17391304347826086
EY0,85,107.52941176470588,30.559715210905107,50.00000000000004,50.000000000000234,59.99999999999969,60.00000000000006,90.00000000000009,109.99999999999987,129.9999999999999,140.0000000000001,150.00000000000026,184.7999999999998,209.99999999999974,6.720588235294118,3.7499999999999805,6.874999999999992,9.375000000000018,0.0,0.0,0.047058823529411764
EY1,5562,131.27112549442646,57.26398986130275,49.99999999999982,60.00000000000006,70.00000000000006,80.00000000000007,90.00000000000074,120.0,149.99999999999991,199.99999999999994,240.00000000000023,369.99999999999994,530.0000000000002,8.204445343401654,4.375000000000004,7.5,15.000000000000014,0.0,0.0,0.19992808342322904
EY2,420,120.64285714285714,52.64269561259704,30.00000000000025,41.9,60.00000000000005,69.99999999999984,80.00000000000007,109.99999999999987,140.0000000000001,190.00000000000017,220.49999999999974,270.0,360.0,7.540178571428571,3.750000000000003,6.874999999999992,13.781249999999984,0.0,0.002380952380952381,0.18333333333333332
F,7246,106.48771736130278,31.601193667131838,10.000000000000009,49.99999999999982,60.00000000000006,69.99999999999996,80.00000000000007,100.00000000000009,120.00000000000011,140.0000000000001,160.0,199.99999999999997,309.99999999999994,6.655482335081424,3.7500000000000036,6.250000000000006,10.0,0.0001380071763731714,0.0002760143527463428,0.05009660502346122
G,3445,76.13352685050798,22.688005549941686,29.999999999999805,30.00000000000025,40.000000000000036,49.999999999999986,60.00000000000006,70.00000000000028,89.99999999999997,109.99999999999987,119.99999999999989,140.00000000000006,209.99999999999997,4.7583454281567485,2.500000000000002,4.375000000000018,7.499999999999993,0.0,0.011030478955007257,0.0034833091436865023
HH,6229,83.21239364263927,40.208998072085244,20.000000000000018,29.999999999999805,30.00000000000003,30.00000000000003,49.99999999999982,80.00000000000007,109.99999999999999,139.99999999999991,150.00000000000003,189.99999999999994,279.99999999999983,5.200774602664954,1.8750000000000018,5.000000000000004,9.375000000000002,0.0,0.13228447583881842,0.03644244662064537
IH0,12889,60.699821553262474,31.41661122812277,29.99999999999936,29.999999999999805,30.00000000000003,30.00000000000025,40.000000000000036,50.00000000000004,70.0,99.99999999999997,120.00000000000011,180.00000000000006,349.9999999999999,3.7937388470789046,1.8750000000000018,3.125000000000003,7.500000000000007,0.0,0.11505935293661261,0.021103266351152145
IH1,9974,72.71305394024463,33.76451668191449,29.99999999999936,30.00000000000003,39.999999999999815,40.000000000000036,50.00000000000004,69.99999999999984,80.00000000000007,110.0000000000001,139.99999999999991,199.99999999999994,390.0000000000001,4.54456587126529,2.4999999999999885,4.37499999999999,8.749999999999995,0.0,0.041608181271305396,0.026168036895929416
IH2,601,70.06655574043262,33.143597664913834,29.99999999999936,29.999999999999805,30.00000000000003,39.999999999999815,40.000000000000036,60.00000000000006,80.00000000000007,120.00000000000011,139.99999999999991,170.00000000000003,219.99999999999997,4.379159733777039,1.8750000000000018,3.7500000000000036,8.749999999999995,0.0,0.08652246256239601,0.018302828618968387
IY0,7007,90.22834308548595,53.17577457297794,29.999999999999805,29.99999999999997,39.99999999999992,40.000000000000036,59.99999999999994,70.00000000000028,100.00000000000009,160.00000000000003,209.99999999999997,289.99999999999994,400.0000000000001,5.639271442842872,2.499999999999995,4.375000000000018,13.124999999999998,0.0,0.03896103896103896,0.10032824318538604
IY1,6588,108.38646023072252,53.52871213193371,29.999999999999805,40.000000000000036,49.99999999999982,50.00000000000027,70.00000000000006,99.99999999999997,129.9999999999999,170.00000000000003,210.00000000000009,309.99999999999994,470.00000000000017,6.7741537644201575,3.124999999999989,6.249999999999999,13.125000000000005,0.0,0.0016697024893746206,0.13145112325440195
IY2,146,82.46575342465754,47.63677702996093,29.99999999999997,30.00000000000003,30.00000000000025,40.000000000000036,49.99999999999982,69.9999999999999,109.99999999999996,145.0,174.99999999999983,241.00000000000023,270.0,5.154109589041097,1.8750000000000153,4.374999999999994,10.937499999999988,0.0,0.06164383561643835,0.06164383561643835
JH,1784,98.17264573991031,31.872106613708105,29.999999999999805,49.99999999999982,60.00000000000006,69.99999999999984,79.99999999999996,90.00000000000009,110.0000000000001,137.00000000000048,150.00000000000034,201.70000000000087,369.9999999999999,6.135790358744394,3.7500000000000036,5.625000000000004,9.375000000000023,0.0,0.0005605381165919282,0.04484304932735426
K,11485,88.42751414888986,30.032634847803806,29.99999999999936,40.000000000000036,49.999999999999936,59.99999999999961,69.99999999999984,80.00000000000007,100.00000000000054,129.9999999999999,140.0000000000001,179.99999999999994,299.99999999999983,5.526719634305616,3.124999999999996,5.000000000000004,8.750000000000009,0.0,0.002263822377013496,0.02498911623857205
L,14836,81.68980857373955,38.95917395223102,29.99999999999936,29.99999999999997,39.99999999999992,40.000000000000036,59.99999999999983,70.00000000000028,99.99999999999987,129.9999999999999,150.00000000000003,229.99999999999997,390.0000000000001,5.105613035858722,2.499999999999995,4.375000000000018,9.375000000000002,0.0,0.04091399299002427,0.04212725802102993
M,11368,73.64883884588318,29.52152771421811,29.99999999999936,30.00000000000003,40.000000000000036,49.99999999999982,59.99999999999983,70.0,80.00000000000007,100.00000000000009,120.00000000000011,169.99999999999994,580.0,4.6030524278676985,2.500000000000002,4.375000000000001,7.500000000000007,0.0,0.021463757916959886,0.013546798029556651
N,23950,61.020876826722336,27.489029553378174,9.999999999999787,29.999999999999805,30.00000000000003,30.00000000000025,40.000000000000036,50.00000000000027,70.00000000000006,99.99999999999987,119.99999999999989,159.99999999999991,299.99999999999983,3.813804801670146,1.8750000000000018,3.1250000000000164,7.499999999999993,4.175365344467641e-05,0.11077244258872651,0.009519832985386221
NG,4115,79.07654921020657,29.126993434557644,29.999999999999805,39.99999999999998,40.000000000000036,49.99999999999982,60.00000000000006,70.00000000000006,90.00000000000009,119.9999999999998,130.00000000000034,179.99999999999994,290.00000000000006,4.94228432563791,2.500000000000002,4.375000000000004,8.125000000000021,0.0,0.003888213851761847,0.02017010935601458
OW0,404,88.41584158415841,59.23994961368831,29.999999999999805,30.00000000000003,30.00000000000025,40.000000000000036,50.00000000000027,70.00000000000006,100.00000000000009,147.0,218.49999999999943,329.09999999999906,480.0,5.525990099009901,1.8750000000000153,4.375000000000004,13.656249999999964,0.0,0.054455445544554455,0.0891089108910891
OW1,4489,135.77856983738027,72.53808718096377,30.0,49.999999999999936,60.00000000000006,70.00000000000006,90.0,119.99999999999989,159.9999999999997,219.99999999999997,289.9999999999999,410.00000000000006,639.9999999999999,8.486160614836267,3.7500000000000036,7.499999999999993,18.124999999999993,0.0,0.0006683002895967921,0.2356872354644687
OW2,178,101.1797752808989,50.36118127809138,40.000000000000036,40.000000000000036,50.00000000000004,59.99999999999961,69.99999999999984,89.99999999999986,120.0,169.99999999999994,211.5000000000001,270.0,300.00000000000006,6.323735955056183,3.125000000000003,5.62499999999999,13.218750000000007,0.0,0.0,0.12359550561797752
OY0,1,209.99999999999997,0.0,209.99999999999997,209.99999999999997,209.99999999999997,209.99999999999997,209.99999999999997,209.99999999999997,209.99999999999997,209.99999999999997,209.99999999999997,209.99999999999997,209.99999999999997,13.124999999999998,13.124999999999998,13.124999999999998,13.124999999999998,0.0,0.0,1.0
OY1,490,172.73469387755102,59.69882763358639,80.00000000000001,89.99999999999986,90.0000000000005,100.00000000000009,130.0,160.00000000000014,200.00000000000017,260.0,290.00000000000006,350.0000000000001,380.00000000000034,10.795918367346939,5.625000000000031,10.000000000000009,18.125000000000004,0.0,0.0,0.5183673469387755
OY2,18,159.44444444444446,48.70229543098475,99.99999999999987,101.69999999999987,108.49999999999987,109.99999999999996,119.99999999999977,145.0,195.00000000000017,225.99999999999983,243.0,256.60000000000014,260.0000000000002,9.965277777777777,6.781249999999992,9.0625,15.1875,0.0,0.0,0.5
P,7588,89.01818661043754,25.951542091617995,29.999999999999805,40.000000000000036,49.999999999999986,59.99999999999994,70.00000000000006,89.99999999999986,100.00000000000009,120.00000000000011,139.9999999999997,160.00000000000014,209.99999999999997,5.563636663152346,3.1249999999999996,5.62499999999999,8.74999999999998,0.0,0.0015814443858724301,0.012519768054823405
R,16693,76.94183190558917,41.15301919621762,29.99999999999936,29.999999999999805,30.00000000000003,39.99999999999998,49.99999999999982,69.99999999999984,99.99999999999964,120.00000000000011,159.99999999999991,220.79999999998165,360.00000000000006,4.808864494099323,1.8750000000000018,4.37499999999999,9.999999999999995,0.0,0.07595998322650213,0.047205415443599116
S,16489,109.22918309175814,40.69898621279455,29.999999999999805,40.000000000000036,50.00000000000027,60.00000000000006,80.00000000000007,100.00000000000009,130.0,159.99999999999997,180.00000000000006,250.0,330.00000000000006,6.826823943234884,3.1250000000000164,6.250000000000006,11.250000000000002,0.0,0.0004245254412032264,0.09848990235914852
SH,2608,127.6111963190184,30.169623691071205,10.000000000000009,70.70000000000024,80.00000000000007,90.00000000000009,109.99999999999987,120.00000000000011,140.0000000000001,169.99999999999955,179.99999999999994,219.99999999999994,310.0,7.97569976993865,5.000000000000004,7.500000000000007,11.249999999999995,0.0003834355828220859,0.0019171779141104294,0.1357361963190184
T,27700,69.84873646209387,33.10178275968193,9.999999999999995,29.999999999999805,30.00000000000003,30.00000000000025,49.99999999999982,60.00000000000006,82.49999999999991,110.00000000000031,130.0000000000001,179.99999999999994,380.0000000000001,4.365546028880867,1.8750000000000018,3.7500000000000036,8.125000000000007,3.610108303249098e-05,0.11299638989169675,0.01848375451263538
TH,2671,94.97566454511418,37.325274555283144,29.99999999999936,30.00000000000003,40.000000000000036,49.99999999999982,69.99999999999984,90.00000000000009,120.0,140.0000000000001,159.99999999999991,190.00000000000023,240.0,5.935979034069637,2.500000000000002,5.625000000000004,9.999999999999995,0.0,0.02920254586297267,0.04792212654436541
UH0,22,39.090909090909086,12.759698952380162,29.999999999999805,29.999999999999805,29.99999999999981,29.99999999999998,30.00000000000003,30.00000000000025,47.49999999999987,50.00000000000023,59.50000000000006,75.80000000000005,80.00000000000007,2.443181818181818,1.8749999999999882,1.8750000000000153,3.7187500000000036,0.0,0.5454545454545454,0.0
UH1,3159,70.18360240582463,52.64180568516277,29.999999999999805,29.999999999999805,30.00000000000003,30.00000000000025,40.000000000000036,59.99999999999983,70.00000000000028,110.0000000000001,150.00000000000014,344.20000000000067,420.0,4.386475150364039,1.8750000000000018,3.7499999999999893,9.375000000000009,0.0,0.10034821145932257,0.0446343779677113
UH2,54,82.22222222222224,43.913495211932236,30.00000000000003,30.00000000000003,30.00000000000003,33.00000000000006,49.99999999999995,70.00000000000003,107.49999999999993,147.0,160.00000000000014,197.6,240.0,5.13888888888889,1.8750000000000018,4.375000000000003,10.000000000000009,0.0,0.1111111111111111,0.07407407407407407
UW0,311,78.97106109324758,45.47960708858378,29.99999999999936,29.999999999999805,29.999999999999805,30.00000000000003,40.000000000000036,70.00000000000006,109.99999999999987,139.99999999999991,150.00000000000009,259.0,300.00000000000006,4.935691318327974,1.8749999999999878,4.375000000000004,9.375000000000005,0.0,0.15755627009646303,0.03858520900321544
UW1,8071,88.76966918597448,59.60166250274323,29.999999999999805,30.00000000000003,39.999999999999815,40.000000000000036,50.000000000000014,70.0,109.99999999999987,159.99999999999997,209.99999999999997,320.0000000000001,540.0,5.548104324123405,2.4999999999999885,4.375000000000001,13.124999999999998,0.0,0.04373683558419031,0.0997398091934085
UW2,109,96.51376146788989,66.17153337327635,29.999999999999805,29.999999999999822,30.00000000000003,30.00000000000025,40.000000000000036,70.00000000000006,129.9999999999999,180.00000000000017,235.9999999999998,307.5999999999997,310.00000000000006,6.032110091743118,1.8750000000000018,4.375000000000004,14.749999999999988,0.0,0.11009174311926606,0.1834862385321101
V,7551,68.82267249370945,22.742195665971213,29.99999999999936,30.00000000000003,40.000000000000036,49.99999999999982,50.00000000000027,60.0000000000005,80.00000000000007,99.99999999999997,110.0000000000001,140.0000000000001,219.99999999999986,4.3014170308568405,2.500000000000002,3.7500000000000306,6.875000000000006,0.0,0.02264600715137068,0.005164878823996822
W,8751,72.10261684378928,29.09465410135291,29.99999999999936,29.999999999999805,30.00000000000003,40.00000000000001,49.999999999999986,69.99999999999996,90.0,110.0000000000001,129.9999999999999,150.00000000000003,229.99999999999997,4.50641355273683,1.8750000000000018,4.374999999999997,8.124999999999993,0.0,0.06422123185921609,0.006399268655010856
Y,6390,86.45383411580595,49.20088151599088,29.99999999999936,29.999999999999805,30.00000000000003,30.00000000000025,49.99999999999982,70.00000000000028,110.0000000000001,159.99999999999991,180.00000000000017,229.99999999999997,370.0000000000001,5.403364632237872,1.8750000000000018,4.375000000000018,11.250000000000009,0.0,0.10391236306729265,0.09420970266040689
Z,9191,83.28582308780328,29.00175793100671,29.999999999999805,40.000000000000036,50.00000000000004,59.99999999999994,69.99999999999984,79.99999999999999,90.00000000000009,110.00000000000004,139.99999999999991,209.99999999999997,300.00000000000006,5.205363942987705,3.125000000000003,4.999999999999999,8.749999999999995,0.0,0.0006528125340006528,0.03242302252203242
ZH,215,91.95348837209302,12.936254244477878,60.00000000000006,69.99999999999984,70.00000000000006,79.99999999999984,80.00000000000007,90.0,100.00000000000009,109.99999999999987,113.00000000000001,130.0,140.0000000000001,5.747093023255814,4.375000000000004,5.625,7.062500000000002,0.0,0.0,0.0
