lr,step,group,form,sentences,pearson,std_ratio,cv_ratio,mean_ratio,mae_frames,source
3e-4,2000,speaker_1/Chinese,raw,192,0.6335204447981282,0.6398659932547874,0.6632394686089139,0.9647586181757997,1.2300056364109266,/119010446/tts-assets/training_runs/ljs_majestic_100h_imf_h1_b48_from21k_500ep_20260915/eval/step_00002000/duration_summary.json
3e-4,2000,speaker_1/Chinese,inference,192,0.6240396857302932,0.6441449436348682,0.6010388834458694,1.0717192537392317,1.3932835820895522,/119010446/tts-assets/training_runs/ljs_majestic_100h_imf_h1_b48_from21k_500ep_20260915/eval/step_00002000/duration_summary.json
3e-4,2000,speaker_1/English,raw,115,0.6606298665180046,0.6642494916860787,0.7274487854931422,0.9131220024455464,1.3182621485280346,/119010446/tts-assets/training_runs/ljs_majestic_100h_imf_h1_b48_from21k_500ep_20260915/eval/step_00002000/duration_summary.json
3e-4,2000,speaker_1/English,inference,115,0.6517026701969906,0.6633320353418928,0.6432304632525863,1.0312509640598488,1.4006003547550825,/119010446/tts-assets/training_runs/ljs_majestic_100h_imf_h1_b48_from21k_500ep_20260915/eval/step_00002000/duration_summary.json
3e-4,2000,speaker_1/Mixed,raw,93,0.6372530959985071,0.625882719543068,0.6669182661566073,0.938469901491792,1.3080534162711464,/119010446/tts-assets/training_runs/ljs_majestic_100h_imf_h1_b48_from21k_500ep_20260915/eval/step_00002000/duration_summary.json
3e-4,2000,speaker_1/Mixed,inference,93,0.6290553608001578,0.6282760212600916,0.600777218492759,1.045772046477265,1.4363233665559247,/119010446/tts-assets/training_runs/ljs_majestic_100h_imf_h1_b48_from21k_500ep_20260915/eval/step_00002000/duration_summary.json
3e-4,2000,speaker_0/English,raw,232,0.625025824574418,0.6279362101224467,0.6669621711923128,0.9414869946820218,1.461397036404933,/119010446/tts-assets/training_runs/ljs_majestic_100h_imf_h1_b48_from21k_500ep_20260915/eval/step_00002000/duration_summary.json
3e-4,2000,speaker_0/English,inference,232,0.6186076776691998,0.633963752067475,0.6048294499490362,1.0481694502820482,1.531587057010786,/119010446/tts-assets/training_runs/ljs_majestic_100h_imf_h1_b48_from21k_500ep_20260915/eval/step_00002000/duration_summary.json
3e-4,5000,speaker_1/Chinese,raw,192,0.6507516969961812,0.6228535203000933,0.6785229963263064,0.9179549162996365,1.1853267806877148,/119010446/tts-assets/training_runs/ljs_majestic_100h_imf_h1_b48_from21k_500ep_20260915/eval/step_00005000/duration_summary.json
3e-4,5000,speaker_1/Chinese,inference,192,0.6421185511145469,0.6184389963790611,0.6006576141422243,1.0296031912660089,1.3048092868988392,/119010446/tts-assets/training_runs/ljs_majestic_100h_imf_h1_b48_from21k_500ep_20260915/eval/step_00005000/duration_summary.json
3e-4,5000,speaker_1/English,raw,115,0.6623904485456512,0.6291707012324036,0.7258027572886786,0.8668618228769818,1.3121456398061522,/119010446/tts-assets/training_runs/ljs_majestic_100h_imf_h1_b48_from21k_500ep_20260915/eval/step_00005000/duration_summary.json
3e-4,5000,speaker_1/English,inference,115,0.650452560911522,0.627426442754305,0.6369064368685581,0.9851155624036981,1.3340155546459271,/119010446/tts-assets/training_runs/ljs_majestic_100h_imf_h1_b48_from21k_500ep_20260915/eval/step_00005000/duration_summary.json
3e-4,5000,speaker_1/Mixed,raw,93,0.6584188705764433,0.6178527406169203,0.6891883918012263,0.8964932491131098,1.269792381201981,/119010446/tts-assets/training_runs/ljs_majestic_100h_imf_h1_b48_from21k_500ep_20260915/eval/step_00005000/duration_summary.json
3e-4,5000,speaker_1/Mixed,inference,93,0.6478227039271276,0.6104997807550894,0.6051290526768733,1.0088753432915802,1.3638664768232875,/119010446/tts-assets/training_runs/ljs_majestic_100h_imf_h1_b48_from21k_500ep_20260915/eval/step_00005000/duration_summary.json
3e-4,5000,speaker_0/English,raw,232,0.6461545376416301,0.6015075514283824,0.6718811329278914,0.89525888129521,1.4238353066249694,/119010446/tts-assets/training_runs/ljs_majestic_100h_imf_h1_b48_from21k_500ep_20260915/eval/step_00005000/duration_summary.json
3e-4,5000,speaker_0/English,inference,232,0.6371431706082992,0.6085781331085979,0.6067693790221677,1.0029809580855005,1.4410631741140216,/119010446/tts-assets/training_runs/ljs_majestic_100h_imf_h1_b48_from21k_500ep_20260915/eval/step_00005000/duration_summary.json
3e-4,10000,speaker_1/Chinese,raw,192,0.6662094921839324,0.6481522129708048,0.6882768759850891,0.9417027297962667,1.1409289379123826,/119010446/tts-assets/training_runs/ljs_majestic_100h_imf_h1_b48_from21k_500ep_20260915/eval/step_00010000/duration_summary.json
3e-4,10000,speaker_1/Chinese,inference,192,0.6553849224586874,0.6481511642751254,0.6157850033725202,1.052560813799204,1.2898009950248757,/119010446/tts-assets/training_runs/ljs_majestic_100h_imf_h1_b48_from21k_500ep_20260915/eval/step_00010000/duration_summary.json
3e-4,10000,speaker_1/English,raw,115,0.677499598862078,0.6374880591857381,0.7128606324049247,0.8942674489333101,1.3114789123993191,/119010446/tts-assets/training_runs/ljs_majestic_100h_imf_h1_b48_from21k_500ep_20260915/eval/step_00010000/duration_summary.json
3e-4,10000,speaker_1/English,inference,115,0.6679081602312791,0.6372116319197447,0.6288676767504766,1.0132682207684511,1.3603492973120481,/119010446/tts-assets/training_runs/ljs_majestic_100h_imf_h1_b48_from21k_500ep_20260915/eval/step_00010000/duration_summary.json
3e-4,10000,speaker_1/Mixed,raw,93,0.668851330101232,0.6436627432631477,0.6949735538375515,0.9261686861448578,1.2176523253880354,/119010446/tts-assets/training_runs/ljs_majestic_100h_imf_h1_b48_from21k_500ep_20260915/eval/step_00010000/duration_summary.json
3e-4,10000,speaker_1/Mixed,inference,93,0.6580992312260536,0.6398559951272847,0.6158007890923849,1.0390632919947282,1.3459895586141433,/119010446/tts-assets/training_runs/ljs_majestic_100h_imf_h1_b48_from21k_500ep_20260915/eval/step_00010000/duration_summary.json
3e-4,10000,speaker_0/English,raw,232,0.6644130857277852,0.633648355961754,0.6835336135297163,0.9270185743896944,1.3827016455397338,/119010446/tts-assets/training_runs/ljs_majestic_100h_imf_h1_b48_from21k_500ep_20260915/eval/step_00010000/duration_summary.json
3e-4,10000,speaker_0/English,inference,232,0.6553220712272972,0.6410151910088094,0.6185029285970366,1.0363979883859853,1.4345146379044684,/119010446/tts-assets/training_runs/ljs_majestic_100h_imf_h1_b48_from21k_500ep_20260915/eval/step_00010000/duration_summary.json
3e-4,15000,speaker_1/Chinese,raw,192,0.6693620440645554,0.667297788383522,0.6925212874059156,0.9635772943285583,1.1484395982910744,/119010446/tts-assets/training_runs/ljs_majestic_100h_imf_h1_b48_from21k_500ep_20260915/eval/step_00015000/duration_summary.json
3e-4,15000,speaker_1/Chinese,inference,192,0.6591394543398159,0.6675649118956366,0.621706296391013,1.0737625077481625,1.3156716417910448,/119010446/tts-assets/training_runs/ljs_majestic_100h_imf_h1_b48_from21k_500ep_20260915/eval/step_00015000/duration_summary.json
3e-4,15000,speaker_1/English,raw,115,0.6539966907360782,0.6578427671823996,0.7320657626628371,0.8986115738967813,1.3023991103646602,/119010446/tts-assets/training_runs/ljs_majestic_100h_imf_h1_b48_from21k_500ep_20260915/eval/step_00015000/duration_summary.json
3e-4,15000,speaker_1/English,inference,115,0.6433073163184669,0.6570268190006174,0.6454559331373648,1.0179266860357299,1.3595306317369356,/119010446/tts-assets/training_runs/ljs_majestic_100h_imf_h1_b48_from21k_500ep_20260915/eval/step_00015000/duration_summary.json
3e-4,15000,speaker_1/Mixed,raw,93,0.6683074546409962,0.660982621589839,0.7031003351808863,0.9400971504583174,1.2311616664709046,/119010446/tts-assets/training_runs/ljs_majestic_100h_imf_h1_b48_from21k_500ep_20260915/eval/step_00015000/duration_summary.json
3e-4,15000,speaker_1/Mixed,inference,93,0.6601504794141364,0.6589587159833019,0.626579995139608,1.0516753185464844,1.3698781838316723,/119010446/tts-assets/training_runs/ljs_majestic_100h_imf_h1_b48_from21k_500ep_20260915/eval/step_00015000/duration_summary.json
3e-4,15000,speaker_0/English,raw,232,0.6609888715769868,0.6413647075269572,0.6862304435613417,0.9346200151052116,1.3724712903798393,/119010446/tts-assets/training_runs/ljs_majestic_100h_imf_h1_b48_from21k_500ep_20260915/eval/step_00015000/duration_summary.json
3e-4,15000,speaker_0/English,inference,232,0.6519894690540669,0.6471495508361153,0.6198845664829411,1.0439839702863847,1.4341294298921416,/119010446/tts-assets/training_runs/ljs_majestic_100h_imf_h1_b48_from21k_500ep_20260915/eval/step_00015000/duration_summary.json
3e-4,20000,speaker_1/Chinese,raw,192,0.6719351037662331,0.6855694120893319,0.7002626334554788,0.9790175561793975,1.1589616122036233,/119010446/tts-assets/training_runs/ljs_majestic_100h_imf_h1_b48_from21k_500ep_20260915/eval/step_00020000/duration_summary.json
3e-4,20000,speaker_1/Chinese,inference,192,0.6638350153883401,0.6867360670891736,0.6307411299775135,1.0887764162670928,1.3466832504145938,/119010446/tts-assets/training_runs/ljs_majestic_100h_imf_h1_b48_from21k_500ep_20260915/eval/step_00020000/duration_summary.json
3e-4,20000,speaker_1/English,raw,115,0.6683580949909378,0.6969045526666258,0.759565088943342,0.9175047179118178,1.2853722999456685,/119010446/tts-assets/training_runs/ljs_majestic_100h_imf_h1_b48_from21k_500ep_20260915/eval/step_00020000/duration_summary.json
3e-4,20000,speaker_1/English,inference,115,0.6605017643781739,0.6945062331432892,0.6700359639533137,1.0365208294874164,1.3618501841997543,/119010446/tts-assets/training_runs/ljs_majestic_100h_imf_h1_b48_from21k_500ep_20260915/eval/step_00020000/duration_summary.json
3e-4,20000,speaker_1/Mixed,raw,93,0.6693227760432993,0.6769371863363286,0.710174571614977,0.9531982886925047,1.2259369812100733,/119010446/tts-assets/training_runs/ljs_majestic_100h_imf_h1_b48_from21k_500ep_20260915/eval/step_00020000/duration_summary.json
3e-4,20000,speaker_1/Mixed,inference,93,0.6642801686223059,0.6746335385406035,0.6339390571544062,1.0641930496739933,1.3766809049201076,/119010446/tts-assets/training_runs/ljs_majestic_100h_imf_h1_b48_from21k_500ep_20260915/eval/step_00020000/duration_summary.json
3e-4,20000,speaker_0/English,raw,232,0.6558876213964073,0.6592329741398979,0.6969094034662126,0.9459378376315146,1.3791463961571255,/119010446/tts-assets/training_runs/ljs_majestic_100h_imf_h1_b48_from21k_500ep_20260915/eval/step_00020000/duration_summary.json
3e-4,20000,speaker_0/English,inference,232,0.6469896969726647,0.6651364966036153,0.6301575430522068,1.0555082676341312,1.4594247560349256,/119010446/tts-assets/training_runs/ljs_majestic_100h_imf_h1_b48_from21k_500ep_20260915/eval/step_00020000/duration_summary.json
5e-4,2000,speaker_1/Chinese,raw,192,0.6359524067693287,0.6484664947138853,0.6694017969142031,0.9687253570324654,1.209898986577197,/119010446/tts-assets/training_runs/ljs_majestic_100h_imf_h1_lr5e4_b48_from21k_500ep_20260915/eval/step_00002000/duration_summary.json
5e-4,2000,speaker_1/Chinese,inference,192,0.6272031146715251,0.6507863191417674,0.605077665753572,1.0755417956656346,1.3724709784411278,/119010446/tts-assets/training_runs/ljs_majestic_100h_imf_h1_lr5e4_b48_from21k_500ep_20260915/eval/step_00002000/duration_summary.json
5e-4,2000,speaker_1/English,raw,115,0.6482560947304062,0.6205302861615226,0.6887098508744149,0.9010039356539932,1.321051858785387,/119010446/tts-assets/training_runs/ljs_majestic_100h_imf_h1_lr5e4_b48_from21k_500ep_20260915/eval/step_00002000/duration_summary.json
5e-4,2000,speaker_1/English,inference,115,0.637429352252481,0.62267438196671,0.6103494367013094,1.0201932606541129,1.378087051439487,/119010446/tts-assets/training_runs/ljs_majestic_100h_imf_h1_lr5e4_b48_from21k_500ep_20260915/eval/step_00002000/duration_summary.json
5e-4,2000,speaker_1/Mixed,raw,93,0.6434218356280403,0.6290720794962501,0.6668302354270766,0.9433766588183512,1.3070774251497013,/119010446/tts-assets/training_runs/ljs_majestic_100h_imf_h1_lr5e4_b48_from21k_500ep_20260915/eval/step_00002000/duration_summary.json
5e-4,2000,speaker_1/Mixed,inference,93,0.6349717784067218,0.6312170548639606,0.6007285697167002,1.0507525140041845,1.444391710172441,/119010446/tts-assets/training_runs/ljs_majestic_100h_imf_h1_lr5e4_b48_from21k_500ep_20260915/eval/step_00002000/duration_summary.json
5e-4,2000,speaker_0/English,raw,232,0.6414850642897838,0.5851498417946425,0.6381021009355068,0.9170160087809894,1.4674339704961732,/119010446/tts-assets/training_runs/ljs_majestic_100h_imf_h1_lr5e4_b48_from21k_500ep_20260915/eval/step_00002000/duration_summary.json
5e-4,2000,speaker_0/English,inference,232,0.6317477585104383,0.5932256203764068,0.5786358747346959,1.02521403576714,1.5164997431946585,/119010446/tts-assets/training_runs/ljs_majestic_100h_imf_h1_lr5e4_b48_from21k_500ep_20260915/eval/step_00002000/duration_summary.json
