step,group,subset,form,sentences,tokens,pearson,std_ratio,cv_ratio,mean_ratio,mae_frames,sentence_mean_normalized_std_ratio,source
2000,speaker_1/Chinese,speech,raw,192,12060,0.6300957217262065,0.6137596673025717,0.6569234833837314,0.9342939974396587,1.2129158043347386,0.6629042752750668,/119010446/tts-assets/training_runs/ljs_majestic_100h_backbone21k_20260914/eval/step_00002000/duration_summary.json
2000,speaker_1/Chinese,speech,inference,192,12060,0.6208619357307662,0.618590040162783,0.5933549130805715,1.04252956624425,1.340547263681592,0.5984728959912843,/119010446/tts-assets/training_runs/ljs_majestic_100h_backbone21k_20260914/eval/step_00002000/duration_summary.json
2000,speaker_1/English,speech,raw,115,7329,0.647876070649033,0.6445477317017547,0.7047270810968159,0.9146061631385021,1.2929180840675591,0.7128288791254063,/119010446/tts-assets/training_runs/ljs_majestic_100h_backbone21k_20260914/eval/step_00002000/duration_summary.json
2000,speaker_1/English,speech,inference,115,7329,0.6355908703713992,0.6442400269370677,0.6228807972383225,1.034291038981208,1.366625733387911,0.6297978271447693,/119010446/tts-assets/training_runs/ljs_majestic_100h_backbone21k_20260914/eval/step_00002000/duration_summary.json
2000,speaker_1/Mixed,speech,raw,93,6321,0.6331034736987129,0.6176393352209139,0.6704529047355506,0.9212270255798679,1.2825688910133533,0.6909807660139762,/119010446/tts-assets/training_runs/ljs_majestic_100h_backbone21k_20260914/eval/step_00002000/duration_summary.json
2000,speaker_1/Mixed,speech,inference,93,6321,0.6265636157002034,0.6205018812608288,0.6016475829163653,1.031337777928187,1.3890207245688972,0.6198228586571793,/119010446/tts-assets/training_runs/ljs_majestic_100h_backbone21k_20260914/eval/step_00002000/duration_summary.json
2000,speaker_0/English,speech,raw,232,15576,0.64215970975825,0.6020435492107783,0.6435061404013412,0.9355676836825464,1.393191872358812,0.6461987954609674,/119010446/tts-assets/training_runs/ljs_majestic_100h_backbone21k_20260914/eval/step_00002000/duration_summary.json
2000,speaker_0/English,speech,inference,232,15576,0.6316560714176562,0.609475476821932,0.5833825214804923,1.0447270090904022,1.4522342064714946,0.5860501604697649,/119010446/tts-assets/training_runs/ljs_majestic_100h_backbone21k_20260914/eval/step_00002000/duration_summary.json
15000,speaker_1/Chinese,speech,raw,192,12060,0.6569425733826375,0.6834424386001938,0.7007242478116019,0.9753372182204626,1.1742366874198218,0.7065358740906759,/119010446/tts-assets/training_runs/ljs_majestic_100h_backbone21k_20260914/eval/step_00015000/duration_summary.json
15000,speaker_1/Chinese,speech,inference,192,12060,0.6493463201003061,0.6866065687677636,0.6337308772952805,1.0834355613192668,1.3455223880597016,0.6388594862445853,/119010446/tts-assets/training_runs/ljs_majestic_100h_backbone21k_20260914/eval/step_00015000/duration_summary.json
15000,speaker_1/English,speech,raw,115,7329,0.6541523143511513,0.6778963060136896,0.7367013823185805,0.9201778662070417,1.2705234734841917,0.7453391801638456,/119010446/tts-assets/training_runs/ljs_majestic_100h_backbone21k_20260914/eval/step_00015000/duration_summary.json
15000,speaker_1/English,speech,inference,115,7329,0.644255034123899,0.6772096154524192,0.6528373446008638,1.037332838038633,1.3398826579342338,0.6599919374958547,/119010446/tts-assets/training_runs/ljs_majestic_100h_backbone21k_20260914/eval/step_00015000/duration_summary.json
15000,speaker_1/Mixed,speech,raw,93,6321,0.6663452888320377,0.6715025572395781,0.7042784612026658,0.9534617260520537,1.2319245251687414,0.7256943082540208,/119010446/tts-assets/training_runs/ljs_majestic_100h_backbone21k_20260914/eval/step_00015000/duration_summary.json
15000,speaker_1/Mixed,speech,inference,93,6321,0.6574717550237567,0.673317931973055,0.6337887538261885,1.062369642736998,1.3750988767600063,0.6527574691752054,/119010446/tts-assets/training_runs/ljs_majestic_100h_backbone21k_20260914/eval/step_00015000/duration_summary.json
15000,speaker_0/English,speech,raw,232,15576,0.665348865036784,0.6589560804288125,0.6956566875150885,0.9472432196154517,1.3038463646868406,0.6982382351681135,/119010446/tts-assets/training_runs/ljs_majestic_100h_backbone21k_20260914/eval/step_00015000/duration_summary.json
15000,speaker_0/English,speech,inference,232,15576,0.655872409328343,0.6615803065917455,0.6251706117257816,1.058239613607964,1.3780174627632256,0.6278360780178905,/119010446/tts-assets/training_runs/ljs_majestic_100h_backbone21k_20260914/eval/step_00015000/duration_summary.json
45000,speaker_1/Chinese,speech,raw,192,12060,0.6634676309932166,0.6479483198330017,0.6907340971928702,0.9380575281664114,1.1326888906125405,0.6948289429701902,/119010446/tts-assets/training_runs/ljs_majestic_100h_backbone21k_20260914/eval/step_00045000/duration_summary.json
45000,speaker_1/Chinese,speech,inference,192,12060,0.6528328370618217,0.6493931326049464,0.6193219943059556,1.048554933581343,1.2659203980099503,0.622981555297544,/119010446/tts-assets/training_runs/ljs_majestic_100h_backbone21k_20260914/eval/step_00045000/duration_summary.json
45000,speaker_1/English,speech,raw,115,7329,0.6358113250336905,0.6281484697008027,0.7157204984881821,0.8776449340596533,1.2896635052223846,0.7239677266972318,/119010446/tts-assets/training_runs/ljs_majestic_100h_backbone21k_20260914/eval/step_00045000/duration_summary.json
45000,speaker_1/English,speech,inference,115,7329,0.6242109331005887,0.62679427625078,0.6286704962164834,0.9970155749681351,1.3202346841315322,0.6352376469524437,/119010446/tts-assets/training_runs/ljs_majestic_100h_backbone21k_20260914/eval/step_00045000/duration_summary.json
45000,speaker_1/Mixed,speech,raw,93,6321,0.6514505506710322,0.6526564655030128,0.7114140828378216,0.9174072895768025,1.2158292271332394,0.727714088090694,/119010446/tts-assets/training_runs/ljs_majestic_100h_backbone21k_20260914/eval/step_00045000/duration_summary.json
45000,speaker_1/Mixed,speech,inference,93,6321,0.6421174663108468,0.6496611305523329,0.6317742901187225,1.0283120739690896,1.3116595475399462,0.6462322822087199,/119010446/tts-assets/training_runs/ljs_majestic_100h_backbone21k_20260914/eval/step_00045000/duration_summary.json
45000,speaker_0/English,speech,raw,232,15576,0.6369789602865644,0.6138737685297876,0.6669671819130554,0.9203957633552817,1.3086783931646582,0.6720413438138875,/119010446/tts-assets/training_runs/ljs_majestic_100h_backbone21k_20260914/eval/step_00045000/duration_summary.json
45000,speaker_0/English,speech,inference,232,15576,0.6243317889772272,0.6183569224026667,0.5990077868362755,1.0323019766881256,1.3582434514637904,0.6036949340451931,/119010446/tts-assets/training_runs/ljs_majestic_100h_backbone21k_20260914/eval/step_00045000/duration_summary.json
100000,speaker_1/Chinese,speech,raw,192,12060,0.6665807378639031,0.6754212973425923,0.7108584824948202,0.9501487482742585,1.1334432551516822,0.7162700021952964,/119010446/tts-assets/training_runs/ljs_majestic_100h_backbone21k_20260914/eval/step_00100000/duration_summary.json
100000,speaker_1/Chinese,speech,inference,192,12060,0.6580074918508229,0.6761337749843179,0.6380080811079812,1.0597573839662446,1.2699004975124377,0.6424823254476889,/119010446/tts-assets/training_runs/ljs_majestic_100h_backbone21k_20260914/eval/step_00100000/duration_summary.json
100000,speaker_1/English,speech,raw,115,7329,0.6339682213855018,0.6586077353028473,0.724960801158041,0.9084735812623217,1.2750483881908348,0.733120393037484,/119010446/tts-assets/training_runs/ljs_majestic_100h_backbone21k_20260914/eval/step_00100000/duration_summary.json
100000,speaker_1/English,speech,inference,115,7329,0.6234810980334222,0.6562079387553543,0.6387915972602399,1.0272645125105162,1.3383817710465276,0.645611607017286,/119010446/tts-assets/training_runs/ljs_majestic_100h_backbone21k_20260914/eval/step_00100000/duration_summary.json
100000,speaker_1/Mixed,speech,raw,93,6321,0.6679999835298108,0.6943881333561981,0.7405519651701978,0.9376629406372717,1.1972969785707508,0.7552037098327562,/119010446/tts-assets/training_runs/ljs_majestic_100h_backbone21k_20260914/eval/step_00100000/duration_summary.json
100000,speaker_1/Mixed,speech,inference,93,6321,0.6570789898620452,0.6938865468778826,0.6616205649471644,1.0487681061323946,1.3043822180034805,0.6745711502760244,/119010446/tts-assets/training_runs/ljs_majestic_100h_backbone21k_20260914/eval/step_00100000/duration_summary.json
100000,speaker_0/English,speech,raw,232,15576,0.6438951155696782,0.6522739378338039,0.6949990823657413,0.9385248907286281,1.2865279439433024,0.6988640919161636,/119010446/tts-assets/training_runs/ljs_majestic_100h_backbone21k_20260914/eval/step_00100000/duration_summary.json
100000,speaker_0/English,speech,inference,232,15576,0.6338611200839118,0.6582130683700588,0.6255558592109756,1.052205104753194,1.345724191063174,0.6292904864869129,/119010446/tts-assets/training_runs/ljs_majestic_100h_backbone21k_20260914/eval/step_00100000/duration_summary.json
170000,speaker_1/Chinese,speech,raw,192,12060,0.6543602882663719,0.6628248466659105,0.7079297942708301,0.9362861289778348,1.1218282710062726,0.7100561691649941,/119010446/tts-assets/training_runs/ljs_majestic_100h_backbone21k_20260914/eval/step_00170000/duration_summary.json
170000,speaker_1/Chinese,speech,inference,192,12060,0.6443360573162964,0.6627362300465804,0.6324570762760663,1.0478754288730536,1.2509950248756219,0.6342294853682081,/119010446/tts-assets/training_runs/ljs_majestic_100h_backbone21k_20260914/eval/step_00170000/duration_summary.json
170000,speaker_1/English,speech,raw,115,7329,0.6337855477352441,0.6448142847155376,0.7208920313875397,0.8944672109558887,1.285100519063447,0.726350902309918,/119010446/tts-assets/training_runs/ljs_majestic_100h_backbone21k_20260914/eval/step_00170000/duration_summary.json
170000,speaker_1/English,speech,inference,115,7329,0.62373150613124,0.6441321208378078,0.6351814310886751,1.0140915481955945,1.3331968890708146,0.6393940509894305,/119010446/tts-assets/training_runs/ljs_majestic_100h_backbone21k_20260914/eval/step_00170000/duration_summary.json
170000,speaker_1/Mixed,speech,raw,93,6321,0.6611721845905054,0.681959708034151,0.7376130382319509,0.9245494218334315,1.2050319199433075,0.7524512535103814,/119010446/tts-assets/training_runs/ljs_majestic_100h_backbone21k_20260914/eval/step_00170000/duration_summary.json
170000,speaker_1/Mixed,speech,inference,93,6321,0.6489288153797798,0.6800399814970122,0.6568973175876632,1.0352302609399233,1.3081790855877236,0.6696685412408271,/119010446/tts-assets/training_runs/ljs_majestic_100h_backbone21k_20260914/eval/step_00170000/duration_summary.json
170000,speaker_0/English,speech,raw,232,15576,0.6463678569216913,0.6544708304878651,0.7012074665801112,0.93334834792877,1.282720555456161,0.7042933956544682,/119010446/tts-assets/training_runs/ljs_majestic_100h_backbone21k_20260914/eval/step_00170000/duration_summary.json
170000,speaker_0/English,speech,inference,232,15576,0.6358230351951016,0.6590265918744692,0.6289381546304559,1.0478400571224564,1.3384694401643553,0.6322519771808339,/119010446/tts-assets/training_runs/ljs_majestic_100h_backbone21k_20260914/eval/step_00170000/duration_summary.json
