model,tag,start_inclusive,end_exclusive,count,mean,median,minimum,maximum
imf,imf/train_u_mse_epoch,1000,10000,27,2.7509510296362416,2.7658376693725586,1.4293882846832275,4.59968376159668
imf,imf/train_u_mse_epoch,10000,20000,29,1.0873021277888069,1.0573630332946777,0.7976109981536865,1.4497195482254028
imf,imf/train_u_mse_epoch,20000,40000,59,0.7459832854190115,0.7254259586334229,0.5112456679344177,1.077040433883667
imf,imf/train_u_mse_epoch,40000,60000,59,0.6171882192967302,0.6034659743309021,0.43846839666366577,0.8730675578117371
imf,imf/train_u_mse_epoch,60000,80000,59,0.45530391143540205,0.43003880977630615,0.33844560384750366,0.6420591473579407
imf,imf/train_u_mse_epoch,80000,100000,59,0.4156259399349407,0.41530460119247437,0.32449308037757874,0.6108777523040771
imf,imf/train_u_mse_epoch,100000,120000,58,0.44216972075659655,0.4291711449623108,0.3278987407684326,0.6150212287902832
imf,imf/train_u_mse_epoch,120000,136000,47,0.5001120935095117,0.49823179841041565,0.3286420404911041,0.7344447374343872
imf,imf/train_u_mse_epoch,136000,139151,10,0.4959960877895355,0.481944739818573,0.41396674513816833,0.7113343477249146
imf,imf/val_u_mse_epoch,1000,10000,9,2.893733435206943,2.804727554321289,1.922458529472351,4.763538837432861
imf,imf/val_u_mse_epoch,10000,20000,10,1.1221542358398438,1.149520218372345,0.7834091186523438,1.4518460035324097
imf,imf/val_u_mse_epoch,20000,40000,19,0.8015815270574469,0.7658576369285583,0.48842185735702515,1.2563104629516602
imf,imf/val_u_mse_epoch,40000,60000,20,0.602045188844204,0.5423387587070465,0.3787882924079895,1.4158624410629272
imf,imf/val_u_mse_epoch,60000,80000,20,0.466740120947361,0.4544343799352646,0.3026968538761139,0.7008926868438721
imf,imf/val_u_mse_epoch,80000,100000,20,0.41290281563997266,0.3802422434091568,0.26599037647247314,0.6273943781852722
imf,imf/val_u_mse_epoch,100000,120000,20,0.45933240205049514,0.397256076335907,0.31860125064849854,0.9260112047195435
imf,imf/val_u_mse_epoch,120000,136000,16,0.48861970752477646,0.45556671917438507,0.36995285749435425,0.7218033671379089
imf,imf/val_u_mse_epoch,136000,139151,4,0.4776102378964424,0.4425462782382965,0.36470863223075867,0.660639762878418
imf,imf/train_v_mse_epoch,1000,10000,27,0.10417683339781231,0.10280287265777588,0.09885536134243011,0.11690744757652283
imf,imf/train_v_mse_epoch,10000,20000,29,0.09673190553640497,0.09653453528881073,0.09488220512866974,0.09882818162441254
imf,imf/train_v_mse_epoch,20000,40000,59,0.09278794365414118,0.09257349371910095,0.09107821434736252,0.09471840411424637
imf,imf/train_v_mse_epoch,40000,60000,59,0.08991337668592647,0.0900341346859932,0.08857876807451248,0.09121347218751907
imf,imf/train_v_mse_epoch,60000,80000,59,0.08778543833453777,0.08769852668046951,0.08688405901193619,0.08881518989801407
imf,imf/train_v_mse_epoch,80000,100000,59,0.08645497691833366,0.0865141823887825,0.08567298203706741,0.08711086958646774
imf,imf/train_v_mse_epoch,100000,120000,58,0.08556948769195326,0.0855984054505825,0.08491167426109314,0.08619194477796555
imf,imf/train_v_mse_epoch,120000,136000,47,0.08479326028139034,0.08482740074396133,0.08421759307384491,0.08533727377653122
imf,imf/train_v_mse_epoch,136000,139151,10,0.08432899937033653,0.08421872556209564,0.08415890485048294,0.08487240970134735
imf,imf/val_v_mse_epoch,1000,10000,9,0.11165621297227012,0.1100136861205101,0.10551557689905167,0.12130329012870789
imf,imf/val_v_mse_epoch,10000,20000,10,0.1045093446969986,0.1051713079214096,0.10211098194122314,0.10696493089199066
imf,imf/val_v_mse_epoch,20000,40000,19,0.1014187512429137,0.10169404745101929,0.09604524821043015,0.10497743636369705
imf,imf/val_v_mse_epoch,40000,60000,20,0.09801656566560268,0.09721485897898674,0.09454645216464996,0.10248256474733353
imf,imf/val_v_mse_epoch,60000,80000,20,0.09523885659873485,0.0947813130915165,0.09229480475187302,0.09943370521068573
imf,imf/val_v_mse_epoch,80000,100000,20,0.09424991346895695,0.0942966677248478,0.09197906404733658,0.09836159646511078
imf,imf/val_v_mse_epoch,100000,120000,20,0.0932368602603674,0.09292138740420341,0.0893578976392746,0.09757639467716217
imf,imf/val_v_mse_epoch,120000,136000,16,0.09252406097948551,0.09267134964466095,0.0887303352355957,0.09661577641963959
imf,imf/val_v_mse_epoch,136000,139151,4,0.0913725420832634,0.09176888316869736,0.08948785811662674,0.09246454387903214
imf,imf/train_jvp_rms_epoch,1000,10000,27,8.293020319055628,8.480765342712402,5.788881301879883,11.035387992858887
imf,imf/train_jvp_rms_epoch,10000,20000,29,4.961555727596941,4.838644981384277,4.396951675415039,5.867899417877197
imf,imf/train_jvp_rms_epoch,20000,40000,59,4.094328039783543,4.033745288848877,3.440774917602539,5.150596618652344
imf,imf/train_jvp_rms_epoch,40000,60000,59,3.843237517243725,3.8051681518554688,3.1678307056427,4.552134990692139
imf,imf/train_jvp_rms_epoch,60000,80000,59,3.2359029438536044,3.1585910320281982,2.670461654663086,3.8613710403442383
imf,imf/train_jvp_rms_epoch,80000,100000,59,2.9027010626712086,2.9191174507141113,2.6842665672302246,3.3243024349212646
imf,imf/train_jvp_rms_epoch,100000,120000,58,2.855911032906894,2.8484922647476196,2.53220796585083,3.2328109741210938
imf,imf/train_jvp_rms_epoch,120000,136000,47,2.7859720067774996,2.7973380088806152,2.422974109649658,3.095383405685425
imf,imf/train_jvp_rms_epoch,136000,139151,10,2.7778502702713013,2.7927894592285156,2.646139621734619,2.8696987628936768
imf,imf/val_jvp_rms_epoch,1000,10000,9,8.444893889957005,8.686346054077148,6.146734237670898,10.678462028503418
imf,imf/val_jvp_rms_epoch,10000,20000,10,4.98890643119812,5.000170469284058,4.06287145614624,5.904712677001953
imf,imf/val_jvp_rms_epoch,20000,40000,19,4.206531386626394,4.004137992858887,3.09562349319458,5.760657787322998
imf,imf/val_jvp_rms_epoch,40000,60000,20,3.6963281989097596,3.5533673763275146,3.039216995239258,4.930762767791748
imf,imf/val_jvp_rms_epoch,60000,80000,20,3.100091314315796,2.9880865812301636,2.621971368789673,4.05022668838501
imf,imf/val_jvp_rms_epoch,80000,100000,20,2.860742521286011,2.8803768157958984,2.314269542694092,3.3083245754241943
imf,imf/val_jvp_rms_epoch,100000,120000,20,2.8528031587600706,2.87346088886261,2.187798500061035,3.246800184249878
imf,imf/val_jvp_rms_epoch,120000,136000,16,2.6749799847602844,2.657408356666565,2.398313045501709,3.0262527465820312
imf,imf/val_jvp_rms_epoch,136000,139151,4,2.720209002494812,2.7090271711349487,2.4601829051971436,3.002598762512207
imf,imf/train_u_weighted_epoch,1000,10000,27,0.9999996754858229,0.9999996423721313,0.9999995231628418,0.9999997615814209
imf,imf/train_u_weighted_epoch,10000,20000,29,0.9999995478268328,0.9999995231628418,0.999999463558197,0.9999997019767761
imf,imf/train_u_weighted_epoch,20000,40000,59,0.999999481742665,0.9999995231628418,0.999998927116394,0.9999996423721313
imf,imf/train_u_weighted_epoch,40000,60000,59,0.9999994372917433,0.9999994039535522,0.9999993443489075,0.9999995231628418
imf,imf/train_u_weighted_epoch,60000,80000,59,0.9999993685948647,0.9999993443489075,0.9999992847442627,0.9999995231628418
imf,imf/train_u_weighted_epoch,80000,100000,59,0.999999314041461,0.9999992847442627,0.9999991655349731,0.9999994039535522
imf,imf/train_u_weighted_epoch,100000,120000,58,0.9999992878272616,0.9999992847442627,0.9999991655349731,0.9999994039535522
imf,imf/train_u_weighted_epoch,120000,136000,47,0.9999992847442627,0.9999992847442627,0.9999991655349731,0.999999463558197
imf,imf/train_u_weighted_epoch,136000,139151,10,0.9999992549419403,0.9999992847442627,0.9999991655349731,0.9999993443489075
imf,imf/val_u_weighted_epoch,1000,10000,9,0.9999984635247124,0.9999984502792358,0.9999983310699463,0.9999986290931702
imf,imf/val_u_weighted_epoch,10000,20000,10,0.9999982059001923,0.9999982714653015,0.9999980926513672,0.9999982714653015
imf,imf/val_u_weighted_epoch,20000,40000,19,0.9999980299096358,0.9999980926513672,0.9999978542327881,0.9999982714653015
imf,imf/val_u_weighted_epoch,40000,60000,20,0.9999978870153428,0.9999978542327881,0.9999976754188538,0.9999980926513672
imf,imf/val_u_weighted_epoch,60000,80000,20,0.9999977648258209,0.9999977946281433,0.9999976754188538,0.9999979734420776
imf,imf/val_u_weighted_epoch,80000,100000,20,0.9999976843595505,0.9999976754188538,0.9999975562095642,0.9999978542327881
imf,imf/val_u_weighted_epoch,100000,120000,20,0.9999976456165314,0.9999976754188538,0.9999974966049194,0.9999977946281433
imf,imf/val_u_weighted_epoch,120000,136000,16,0.9999975934624672,0.9999975562095642,0.9999974966049194,0.9999976754188538
imf,imf/val_u_weighted_epoch,136000,139151,4,0.999997541308403,0.9999975562095642,0.9999974966049194,0.9999975562095642
imf,imf/train_v_weighted_epoch,1000,10000,27,0.9999989867210388,0.999998927116394,0.9999986886978149,0.9999993443489075
imf,imf/train_v_weighted_epoch,10000,20000,29,0.9999987647451204,0.9999987483024597,0.9999985694885254,0.9999989867210388
imf,imf/train_v_weighted_epoch,20000,40000,59,0.9999986270726737,0.9999986290931702,0.999997079372406,0.9999988675117493
imf,imf/train_v_weighted_epoch,40000,60000,59,0.9999985836320004,0.9999985694885254,0.9999983310699463,0.9999988079071045
imf,imf/train_v_weighted_epoch,60000,80000,59,0.9999985280683485,0.9999985694885254,0.9999983310699463,0.9999987483024597
imf,imf/train_v_weighted_epoch,80000,100000,59,0.9999984684637038,0.9999984502792358,0.9999982714653015,0.9999987483024597
imf,imf/train_v_weighted_epoch,100000,120000,58,0.9999984266429112,0.9999984502792358,0.999998152256012,0.9999986290931702
imf,imf/train_v_weighted_epoch,120000,136000,47,0.9999984160382697,0.9999983906745911,0.9999982118606567,0.9999986886978149
imf,imf/train_v_weighted_epoch,136000,139151,10,0.9999983906745911,0.9999984204769135,0.9999982118606567,0.9999984502792358
imf,imf/val_v_weighted_epoch,1000,10000,9,0.9999971787134806,0.999997079372406,0.9999970197677612,0.9999974966049194
imf,imf/val_v_weighted_epoch,10000,20000,10,0.9999969482421875,0.9999969005584717,0.9999969005584717,0.9999970197677612
imf,imf/val_v_weighted_epoch,20000,40000,19,0.9999968503650866,0.9999968409538269,0.9999967217445374,0.9999969005584717
imf,imf/val_v_weighted_epoch,40000,60000,20,0.9999967157840729,0.9999967217445374,0.9999966025352478,0.9999968409538269
imf,imf/val_v_weighted_epoch,60000,80000,20,0.9999966293573379,0.9999966025352478,0.999996542930603,0.9999968409538269
imf,imf/val_v_weighted_epoch,80000,100000,20,0.9999966204166413,0.9999966025352478,0.999996542930603,0.9999967217445374
imf,imf/val_v_weighted_epoch,100000,120000,20,0.999996566772461,0.999996542930603,0.999996542930603,0.9999966025352478
imf,imf/val_v_weighted_epoch,120000,136000,16,0.9999965541064739,0.999996542930603,0.9999964237213135,0.9999966025352478
imf,imf/val_v_weighted_epoch,136000,139151,4,0.9999965131282806,0.999996542930603,0.9999964237213135,0.999996542930603
imf,sub_loss/train_dur_loss_epoch,1000,10000,27,0.19425726764731938,0.19250275194644928,0.18877266347408295,0.20970727503299713
imf,sub_loss/train_dur_loss_epoch,10000,20000,29,0.186753468780682,0.18662850558757782,0.18511328101158142,0.18915997445583344
imf,sub_loss/train_dur_loss_epoch,20000,40000,59,0.1834322825326758,0.1833283007144928,0.1817704737186432,0.1856938600540161
imf,sub_loss/train_dur_loss_epoch,40000,60000,59,0.18097397129414444,0.18094748258590698,0.1796351969242096,0.18243806064128876
imf,sub_loss/train_dur_loss_epoch,60000,80000,59,0.18024309181560905,0.18024806678295135,0.1792535036802292,0.1811087727546692
imf,sub_loss/train_dur_loss_epoch,80000,100000,59,0.1796485945834952,0.1796921193599701,0.17881128191947937,0.18066886067390442
imf,sub_loss/train_dur_loss_epoch,100000,120000,58,0.1798545671948071,0.17985489964485168,0.1790832132101059,0.18131056427955627
imf,sub_loss/train_dur_loss_epoch,120000,136000,47,0.1795503630283031,0.17957864701747894,0.1785617619752884,0.18066449463367462
imf,sub_loss/train_dur_loss_epoch,136000,139151,10,0.1790769800543785,0.1790352463722229,0.17867299914360046,0.17973420023918152
imf,sub_loss/val_dur_loss_epoch,1000,10000,9,0.21845096515284645,0.21660618484020233,0.21280187368392944,0.2283962070941925
imf,sub_loss/val_dur_loss_epoch,10000,20000,10,0.21220719963312148,0.21199452877044678,0.20948852598667145,0.21419759094715118
imf,sub_loss/val_dur_loss_epoch,20000,40000,19,0.21120453978839673,0.21136587858200073,0.20850706100463867,0.21482233703136444
imf,sub_loss/val_dur_loss_epoch,40000,60000,20,0.21101947277784347,0.21087344735860825,0.2083238959312439,0.21431919932365417
imf,sub_loss/val_dur_loss_epoch,60000,80000,20,0.21209780499339104,0.21239502727985382,0.20755881071090698,0.21452805399894714
imf,sub_loss/val_dur_loss_epoch,80000,100000,20,0.2135839894413948,0.21355485171079636,0.21117810904979706,0.21540194749832153
imf,sub_loss/val_dur_loss_epoch,100000,120000,20,0.21447691991925238,0.214179627597332,0.21288760006427765,0.21699784696102142
imf,sub_loss/val_dur_loss_epoch,120000,136000,16,0.2159849340096116,0.2156481221318245,0.21349763870239258,0.21812863647937775
imf,sub_loss/val_dur_loss_epoch,136000,139151,4,0.21602445468306541,0.2157064825296402,0.21481651067733765,0.21786834299564362
imf,sub_loss/train_prior_loss_epoch,1000,10000,27,0.9703025663340533,0.9700726866722107,0.969550609588623,0.9722040295600891
imf,sub_loss/train_prior_loss_epoch,10000,20000,29,0.9692063064410769,0.969241738319397,0.9689158201217651,0.9695874452590942
imf,sub_loss/train_prior_loss_epoch,20000,40000,59,0.9686450816817203,0.9686307907104492,0.9683545231819153,0.9689682722091675
imf,sub_loss/train_prior_loss_epoch,40000,60000,59,0.968226941965394,0.9682230353355408,0.9680801630020142,0.9684091806411743
imf,sub_loss/train_prior_loss_epoch,60000,80000,59,0.9680791709382656,0.968070387840271,0.9679635763168335,0.9682133197784424
imf,sub_loss/train_prior_loss_epoch,80000,100000,59,0.9679522827520208,0.9679492115974426,0.9678556323051453,0.968049168586731
imf,sub_loss/train_prior_loss_epoch,100000,120000,58,0.9678841829299927,0.9678844511508942,0.9677903056144714,0.9679667353630066
imf,sub_loss/train_prior_loss_epoch,120000,136000,47,0.9678269764210315,0.9678199291229248,0.96774822473526,0.9678997993469238
imf,sub_loss/train_prior_loss_epoch,136000,139151,10,0.967752480506897,0.9677383005619049,0.9677016735076904,0.967819094657898
imf,sub_loss/val_prior_loss_epoch,1000,10000,9,0.9709226290384928,0.9707500338554382,0.9703624844551086,0.9720985293388367
imf,sub_loss/val_prior_loss_epoch,10000,20000,10,0.9701009571552277,0.9700957536697388,0.9697657823562622,0.9705426096916199
imf,sub_loss/val_prior_loss_epoch,20000,40000,19,0.9696194309937326,0.9696147441864014,0.9692962169647217,0.9699423909187317
imf,sub_loss/val_prior_loss_epoch,40000,60000,20,0.9692859888076782,0.9692873060703278,0.9689581394195557,0.96958327293396
imf,sub_loss/val_prior_loss_epoch,60000,80000,20,0.9692154794931411,0.9691988825798035,0.9690083265304565,0.9694859981536865
imf,sub_loss/val_prior_loss_epoch,80000,100000,20,0.9692005634307861,0.9691983759403229,0.9690113067626953,0.9693723320960999
imf,sub_loss/val_prior_loss_epoch,100000,120000,20,0.9693119674921036,0.9693052768707275,0.9691280126571655,0.9695738554000854
imf,sub_loss/val_prior_loss_epoch,120000,136000,16,0.969343725591898,0.9693465530872345,0.9691735506057739,0.9696516394615173
imf,sub_loss/val_prior_loss_epoch,136000,139151,4,0.9692575931549072,0.9692467749118805,0.9691892266273499,0.9693475961685181
imf,sub_loss/train_diff_loss_epoch,1000,10000,27,1.99999882556774,1.9999988079071045,1.9999985694885254,1.9999991655349731
imf,sub_loss/train_diff_loss_epoch,10000,20000,29,1.9999985489351997,1.9999985694885254,1.9999983310699463,1.999998927116394
imf,sub_loss/train_diff_loss_epoch,20000,40000,59,1.9999982845985282,1.9999983310699463,1.999996542930603,1.9999985694885254
imf,sub_loss/train_diff_loss_epoch,40000,60000,59,1.9999981047743458,1.9999980926513672,1.9999977350234985,1.9999983310699463
imf,sub_loss/train_diff_loss_epoch,60000,80000,59,1.9999979673805883,1.9999979734420776,1.999997615814209,1.9999983310699463
imf,sub_loss/train_diff_loss_epoch,80000,100000,59,1.9999977915973988,1.9999977350234985,1.9999973773956299,1.9999980926513672
imf,sub_loss/train_diff_loss_epoch,100000,120000,58,1.9999977288575008,1.9999977350234985,1.9999972581863403,1.9999980926513672
imf,sub_loss/train_diff_loss_epoch,120000,136000,47,1.9999977121961878,1.9999977350234985,1.9999973773956299,1.9999983310699463
imf,sub_loss/train_diff_loss_epoch,136000,139151,10,1.9999976634979248,1.999997615814209,1.9999974966049194,1.9999979734420776
imf,sub_loss/val_diff_loss_epoch,1000,10000,9,1.9999956952200995,1.9999955892562866,1.9999953508377075,1.9999961853027344
imf,sub_loss/val_diff_loss_epoch,10000,20000,10,1.9999950766563415,1.9999950528144836,1.9999949932098389,1.9999953508377075
imf,sub_loss/val_diff_loss_epoch,20000,40000,19,1.9999948363555105,1.9999947547912598,1.9999946355819702,1.9999951124191284
imf,sub_loss/val_diff_loss_epoch,40000,60000,20,1.9999946355819702,1.9999946355819702,1.9999943971633911,1.9999947547912598
imf,sub_loss/val_diff_loss_epoch,60000,80000,20,1.9999944806098937,1.9999943971633911,1.9999943971633911,1.9999946355819702
imf,sub_loss/val_diff_loss_epoch,80000,100000,20,1.9999942779541016,1.999994158744812,1.999994158744812,1.9999946355819702
imf,sub_loss/val_diff_loss_epoch,100000,120000,20,1.9999942064285279,1.999994158744812,1.9999940395355225,1.9999946355819702
imf,sub_loss/val_diff_loss_epoch,120000,136000,16,1.9999941289424896,1.999994158744812,1.9999938011169434,1.9999943971633911
imf,sub_loss/val_diff_loss_epoch,136000,139151,4,1.9999940395355225,1.9999940991401672,1.9999938011169434,1.999994158744812
imf,loss/train_epoch,1000,10000,27,3.164555214069508,3.1625545024871826,3.158318519592285,3.1819076538085938
imf,loss/train_epoch,10000,20000,29,3.155954434953887,3.155824899673462,3.1540353298187256,3.158743143081665
imf,loss/train_epoch,20000,40000,59,3.152071690155288,3.1519687175750732,3.1501195430755615,3.154656171798706
imf,loss/train_epoch,40000,60000,59,3.14919500431772,3.149127244949341,3.147752523422241,3.150754928588867
imf,loss/train_epoch,60000,80000,59,3.148316031795437,3.1483078002929688,3.1474032402038574,3.1492502689361572
imf,loss/train_epoch,80000,100000,59,3.14759448423224,3.147625684738159,3.146695613861084,3.1487114429473877
imf,loss/train_epoch,100000,120000,58,3.147732348277651,3.1477380990982056,3.1469717025756836,3.1492679119110107
imf,loss/train_epoch,120000,136000,47,3.1473708355680423,3.1473889350891113,3.146320343017578,3.1485044956207275
imf,loss/train_epoch,136000,139151,10,3.1468228816986086,3.146772027015686,3.146477699279785,3.1474547386169434
imf,loss/val_epoch,1000,10000,9,3.1893692546420627,3.187040328979492,3.1831884384155273,3.200491189956665
imf,loss/val_epoch,10000,20000,10,3.182303285598755,3.1819565296173096,3.179584264755249,3.1846046447753906
imf,loss/val_epoch,20000,40000,19,3.180818796157837,3.180781602859497,3.1779510974884033,3.1847598552703857
imf,loss/val_epoch,40000,60000,20,3.1803000450134276,3.1800308227539062,3.1777000427246094,3.18355655670166
imf,loss/val_epoch,60000,80000,20,3.1813077092170716,3.181593656539917,3.1766879558563232,3.1837944984436035
imf,loss/val_epoch,80000,100000,20,3.18277884721756,3.1827187538146973,3.180203676223755,3.184622287750244
imf,loss/val_epoch,100000,120000,20,3.1837831020355223,3.183505415916443,3.1820099353790283,3.18656587600708
imf,loss/val_epoch,120000,136000,16,3.1853228211402893,3.1849029064178467,3.182812213897705,3.187774419784546
imf,loss/val_epoch,136000,139151,4,3.1852760910987854,3.184947371482849,3.1841580867767334,3.18705153465271
imf,duration_mask/train_floor_binding_token_ratio_epoch,1000,10000,27,0.4055143528514438,0.40527722239494324,0.40291717648506165,0.4087122976779938
imf,duration_mask/train_floor_binding_token_ratio_epoch,10000,20000,29,0.4021265301211127,0.4020349979400635,0.40024471282958984,0.40358054637908936
imf,duration_mask/train_floor_binding_token_ratio_epoch,20000,40000,59,0.39996838721178346,0.3999091684818268,0.3983859419822693,0.4017332196235657
imf,duration_mask/train_floor_binding_token_ratio_epoch,40000,60000,59,0.40018208350165413,0.4001927673816681,0.3983524441719055,0.40144672989845276
imf,duration_mask/train_floor_binding_token_ratio_epoch,60000,80000,59,0.4015664897732816,0.40160074830055237,0.3994448482990265,0.40349727869033813
imf,duration_mask/train_floor_binding_token_ratio_epoch,80000,100000,59,0.4025381343849635,0.40259885787963867,0.40074941515922546,0.4045507609844208
imf,duration_mask/train_floor_binding_token_ratio_epoch,100000,120000,58,0.4027941355417515,0.4026927351951599,0.4009300470352173,0.4050453305244446
imf,duration_mask/train_floor_binding_token_ratio_epoch,120000,136000,47,0.40277598956797983,0.4026854932308197,0.40189477801322937,0.40377599000930786
imf,duration_mask/train_floor_binding_token_ratio_epoch,136000,139151,10,0.40236565172672273,0.402446910738945,0.40175217390060425,0.4029623866081238
imf,duration_mask/val_floor_binding_token_ratio_epoch,1000,10000,9,0.37668183114793563,0.3759056329727173,0.371416836977005,0.3822074234485626
imf,duration_mask/val_floor_binding_token_ratio_epoch,10000,20000,10,0.37379439175128937,0.37398049235343933,0.37115228176116943,0.3772145211696625
imf,duration_mask/val_floor_binding_token_ratio_epoch,20000,40000,19,0.37111507277739675,0.37052977085113525,0.36806240677833557,0.3750777542591095
imf,duration_mask/val_floor_binding_token_ratio_epoch,40000,60000,20,0.37219239175319674,0.3720376193523407,0.3692150115966797,0.37532374262809753
imf,duration_mask/val_floor_binding_token_ratio_epoch,60000,80000,20,0.3726305320858955,0.37271542847156525,0.36992016434669495,0.3761771023273468
imf,duration_mask/val_floor_binding_token_ratio_epoch,80000,100000,20,0.373499321937561,0.37364649772644043,0.37049421668052673,0.37615421414375305
imf,duration_mask/val_floor_binding_token_ratio_epoch,100000,120000,20,0.37347703874111177,0.37352360785007477,0.37015071511268616,0.37608832120895386
imf,duration_mask/val_floor_binding_token_ratio_epoch,120000,136000,16,0.37396878004074097,0.3735857158899307,0.37140950560569763,0.37685906887054443
imf,duration_mask/val_floor_binding_token_ratio_epoch,136000,139151,4,0.37496714293956757,0.37494587898254395,0.373779833316803,0.3761969804763794
imf,duration_mask/train_ceiling_binding_token_ratio_epoch,1000,10000,27,0.08263831696024647,0.08280433714389801,0.08148758858442307,0.08341789990663528
imf,duration_mask/train_ceiling_binding_token_ratio_epoch,10000,20000,29,0.08262997917060194,0.08266282081604004,0.08205252140760422,0.0832170769572258
imf,duration_mask/train_ceiling_binding_token_ratio_epoch,20000,40000,59,0.0830640009904312,0.08310139924287796,0.08163250237703323,0.08382556587457657
imf,duration_mask/train_ceiling_binding_token_ratio_epoch,40000,60000,59,0.08322428533081282,0.08318287879228592,0.08201394975185394,0.08396204560995102
imf,duration_mask/train_ceiling_binding_token_ratio_epoch,60000,80000,59,0.08314796713954312,0.08310969918966293,0.08240652829408646,0.08432906866073608
imf,duration_mask/train_ceiling_binding_token_ratio_epoch,80000,100000,59,0.08279445439071978,0.08275431394577026,0.08158481866121292,0.0836624726653099
imf,duration_mask/train_ceiling_binding_token_ratio_epoch,100000,120000,58,0.08292650290090463,0.0829843133687973,0.0821533054113388,0.08346819877624512
imf,duration_mask/train_ceiling_binding_token_ratio_epoch,120000,136000,47,0.08328859745822054,0.08326324820518494,0.08259151875972748,0.0839451476931572
imf,duration_mask/train_ceiling_binding_token_ratio_epoch,136000,139151,10,0.08335920125246048,0.08330017700791359,0.08289488404989243,0.08381877094507217
imf,duration_mask/val_ceiling_binding_token_ratio_epoch,1000,10000,9,0.062341808858844966,0.062402062118053436,0.06065865978598595,0.06459161639213562
imf,duration_mask/val_ceiling_binding_token_ratio_epoch,10000,20000,10,0.0613654512912035,0.06125937029719353,0.05993897467851639,0.06286486238241196
imf,duration_mask/val_ceiling_binding_token_ratio_epoch,20000,40000,19,0.06232395728952006,0.06249669939279556,0.06012972071766853,0.06385411322116852
imf,duration_mask/val_ceiling_binding_token_ratio_epoch,40000,60000,20,0.06228436883538961,0.06218318082392216,0.059992000460624695,0.0639747902750969
imf,duration_mask/val_ceiling_binding_token_ratio_epoch,60000,80000,20,0.06235067248344421,0.06260088831186295,0.060199737548828125,0.06381992250680923
imf,duration_mask/val_ceiling_binding_token_ratio_epoch,80000,100000,20,0.0621874338015914,0.062085093930363655,0.06082652509212494,0.06391595304012299
imf,duration_mask/val_ceiling_binding_token_ratio_epoch,100000,120000,20,0.06289719715714455,0.06276671588420868,0.06177765876054764,0.06515100598335266
imf,duration_mask/val_ceiling_binding_token_ratio_epoch,120000,136000,16,0.06295927776955068,0.06312001124024391,0.06123575195670128,0.06417382508516312
imf,duration_mask/val_ceiling_binding_token_ratio_epoch,136000,139151,4,0.06267982441931963,0.06267044693231583,0.06225829944014549,0.06312010437250137
imf,duration_mask/train_constrained_score_gap_per_frame_mean_epoch,1000,10000,27,0.1847369588083691,0.18440210819244385,0.1785253882408142,0.19705866277217865
imf,duration_mask/train_constrained_score_gap_per_frame_mean_epoch,10000,20000,29,0.17492050549079632,0.17505314946174622,0.17176857590675354,0.17874224483966827
imf,duration_mask/train_constrained_score_gap_per_frame_mean_epoch,20000,40000,59,0.16995607846874303,0.16953164339065552,0.16725260019302368,0.1734185814857483
imf,duration_mask/train_constrained_score_gap_per_frame_mean_epoch,40000,60000,59,0.1671507873777616,0.1671084463596344,0.16469256579875946,0.16928967833518982
imf,duration_mask/train_constrained_score_gap_per_frame_mean_epoch,60000,80000,59,0.1671045319003574,0.167098268866539,0.16508321464061737,0.1697452962398529
imf,duration_mask/train_constrained_score_gap_per_frame_mean_epoch,80000,100000,59,0.166287745207043,0.1662963181734085,0.16396155953407288,0.16832031309604645
imf,duration_mask/train_constrained_score_gap_per_frame_mean_epoch,100000,120000,58,0.1658686026930809,0.16583076864480972,0.1642570048570633,0.16769224405288696
imf,duration_mask/train_constrained_score_gap_per_frame_mean_epoch,120000,136000,47,0.16510229605309507,0.16513599455356598,0.16353468596935272,0.16709190607070923
imf,duration_mask/train_constrained_score_gap_per_frame_mean_epoch,136000,139151,10,0.16405662149190903,0.16406521201133728,0.16273732483386993,0.16556845605373383
imf,duration_mask/val_constrained_score_gap_per_frame_mean_epoch,1000,10000,9,0.16685297257370418,0.16656804084777832,0.16223885118961334,0.17449642717838287
imf,duration_mask/val_constrained_score_gap_per_frame_mean_epoch,10000,20000,10,0.16317855566740036,0.1624351441860199,0.15678159892559052,0.16972042620182037
imf,duration_mask/val_constrained_score_gap_per_frame_mean_epoch,20000,40000,19,0.15983386729892932,0.15804283320903778,0.15425005555152893,0.16840237379074097
imf,duration_mask/val_constrained_score_gap_per_frame_mean_epoch,40000,60000,20,0.16075718477368356,0.1603362336754799,0.155679389834404,0.16637831926345825
imf,duration_mask/val_constrained_score_gap_per_frame_mean_epoch,60000,80000,20,0.16019847020506858,0.16021372377872467,0.15470391511917114,0.17076930403709412
imf,duration_mask/val_constrained_score_gap_per_frame_mean_epoch,80000,100000,20,0.16220861300826073,0.16232741624116898,0.15485787391662598,0.1685340702533722
imf,duration_mask/val_constrained_score_gap_per_frame_mean_epoch,100000,120000,20,0.1633455127477646,0.1628650203347206,0.15550675988197327,0.1718926727771759
imf,duration_mask/val_constrained_score_gap_per_frame_mean_epoch,120000,136000,16,0.1645568311214447,0.1655152067542076,0.15851080417633057,0.1711912751197815
imf,duration_mask/val_constrained_score_gap_per_frame_mean_epoch,136000,139151,4,0.1663414128124714,0.16668462753295898,0.16242676973342896,0.16956962645053864
imf,mas_duration/train_speech_le2_ratio_epoch,1000,10000,27,0.3440490210497821,0.3444655239582062,0.34103474020957947,0.34757158160209656
imf,mas_duration/train_speech_le2_ratio_epoch,10000,20000,29,0.3404819770105954,0.34050339460372925,0.3386611044406891,0.3421201705932617
imf,mas_duration/train_speech_le2_ratio_epoch,20000,40000,59,0.33777949011931985,0.3377578854560852,0.3361910879611969,0.33959493041038513
imf,mas_duration/train_speech_le2_ratio_epoch,40000,60000,59,0.33813156818939466,0.33818086981773376,0.3363969027996063,0.3395572900772095
imf,mas_duration/train_speech_le2_ratio_epoch,60000,80000,59,0.33975754046844225,0.3399864733219147,0.33770328760147095,0.3420775830745697
imf,mas_duration/train_speech_le2_ratio_epoch,80000,100000,59,0.34083653860172985,0.34083637595176697,0.33902814984321594,0.34271955490112305
imf,mas_duration/train_speech_le2_ratio_epoch,100000,120000,58,0.34107593472661646,0.3410840928554535,0.3391662836074829,0.34297218918800354
imf,mas_duration/train_speech_le2_ratio_epoch,120000,136000,47,0.34106657796717704,0.3409649729728699,0.34033945202827454,0.3420201539993286
imf,mas_duration/train_speech_le2_ratio_epoch,136000,139151,10,0.3406226396560669,0.3405677229166031,0.3401491940021515,0.34108206629753113
imf,mas_duration/val_speech_le2_ratio_epoch,1000,10000,9,0.33588822351561654,0.3352349102497101,0.33166059851646423,0.34063205122947693
imf,mas_duration/val_speech_le2_ratio_epoch,10000,20000,10,0.3325962007045746,0.33261312544345856,0.3304673731327057,0.33565858006477356
imf,mas_duration/val_speech_le2_ratio_epoch,20000,40000,19,0.32954415992686625,0.32909494638442993,0.3271945118904114,0.3329639434814453
imf,mas_duration/val_speech_le2_ratio_epoch,40000,60000,20,0.33064897954463957,0.3308313488960266,0.32757458090782166,0.3341563045978546
imf,mas_duration/val_speech_le2_ratio_epoch,60000,80000,20,0.3312502235174179,0.3312384784221649,0.3287041485309601,0.3354198932647705
imf,mas_duration/val_speech_le2_ratio_epoch,80000,100000,20,0.3317041084170341,0.33212365210056305,0.3292801082134247,0.33421891927719116
imf,mas_duration/val_speech_le2_ratio_epoch,100000,120000,20,0.33183860331773757,0.33186960220336914,0.32897093892097473,0.33453169465065
imf,mas_duration/val_speech_le2_ratio_epoch,120000,136000,16,0.3320478219538927,0.3318027853965759,0.329457551240921,0.33467695116996765
imf,mas_duration/val_speech_le2_ratio_epoch,136000,139151,4,0.3331245481967926,0.33290889859199524,0.3320174515247345,0.33466294407844543
imf,grad_norm/grad_2.0_norm_total,1000,10000,180,1.879520069890552,1.7889829874038696,1.171288251876831,3.494503974914551
imf,grad_norm/grad_2.0_norm_total,10000,20000,200,1.6710884028673172,1.6196743845939636,1.1225026845932007,3.2374730110168457
imf,grad_norm/grad_2.0_norm_total,20000,40000,400,1.559537543952465,1.4888859391212463,1.0038076639175415,5.126352787017822
imf,grad_norm/grad_2.0_norm_total,40000,60000,400,1.4068194815516473,1.3757495284080505,0.94093257188797,2.7646877765655518
imf,grad_norm/grad_2.0_norm_total,60000,80000,400,1.3046010798215866,1.2705867886543274,0.8850836157798767,2.5162346363067627
imf,grad_norm/grad_2.0_norm_total,80000,100000,400,1.250679443180561,1.2150380611419678,0.8212469816207886,2.0771477222442627
imf,grad_norm/grad_2.0_norm_total,100000,120000,400,1.2027960613369941,1.1682790517807007,0.8031409978866577,2.3569774627685547
imf,grad_norm/grad_2.0_norm_total,120000,136000,320,1.1511144932359456,1.12006413936615,0.7497090101242065,1.9679279327392578
imf,grad_norm/grad_2.0_norm_total,136000,139151,64,1.099297072738409,1.07024085521698,0.7790857553482056,1.5230693817138672
imf,learning_rate/decoder_step,1000,10000,180,0.0003000000142492354,0.0003000000142492354,0.0003000000142492354,0.0003000000142492354
imf,learning_rate/decoder_step,10000,20000,200,0.0003000000142492354,0.0003000000142492354,0.0003000000142492354,0.0003000000142492354
imf,learning_rate/decoder_step,20000,40000,400,0.0003000000142492354,0.0003000000142492354,0.0003000000142492354,0.0003000000142492354
imf,learning_rate/decoder_step,40000,60000,400,0.0003000000142492354,0.0003000000142492354,0.0003000000142492354,0.0003000000142492354
imf,learning_rate/decoder_step,60000,80000,400,0.0003000000142492354,0.0003000000142492354,0.0003000000142492354,0.0003000000142492354
imf,learning_rate/decoder_step,80000,100000,400,0.0003000000142492354,0.0003000000142492354,0.0003000000142492354,0.0003000000142492354
imf,learning_rate/decoder_step,100000,120000,400,0.0003000000142492354,0.0003000000142492354,0.0003000000142492354,0.0003000000142492354
imf,learning_rate/decoder_step,120000,136000,320,0.0003000000142492354,0.0003000000142492354,0.0003000000142492354,0.0003000000142492354
imf,learning_rate/decoder_step,136000,139151,64,0.00028702941153824213,0.0002870294119929895,0.00027405880973674357,0.0003000000142492354
fm,sub_loss/train_dur_loss_epoch,1000,10000,27,0.19184648935441617,0.19030356407165527,0.18449550867080688,0.20810462534427643
fm,sub_loss/train_dur_loss_epoch,10000,20000,29,0.18090469056162342,0.1811295449733734,0.1773092895746231,0.18450002372264862
fm,sub_loss/train_dur_loss_epoch,20000,40000,59,0.17178477750996413,0.17117270827293396,0.16770698130130768,0.1776144653558731
fm,sub_loss/train_dur_loss_epoch,40000,60000,59,0.16453078187118142,0.1646530032157898,0.16128504276275635,0.16873833537101746
fm,sub_loss/train_dur_loss_epoch,60000,80000,59,0.15919541630704523,0.1592225581407547,0.1567866951227188,0.16169407963752747
fm,sub_loss/train_dur_loss_epoch,80000,100000,59,0.15562932243791677,0.15562310814857483,0.1535612791776657,0.15731604397296906
fm,sub_loss/train_dur_loss_epoch,100000,120000,58,0.15291405828862353,0.15294980257749557,0.15139880776405334,0.1540689766407013
fm,sub_loss/train_dur_loss_epoch,120000,136000,47,0.1507843444322018,0.15073536336421967,0.14987412095069885,0.1516522318124771
fm,sub_loss/train_dur_loss_epoch,136000,139151,10,0.14980743527412416,0.14977214485406876,0.14888428151607513,0.1508869081735611
fm,sub_loss/val_dur_loss_epoch,1000,10000,9,0.21543501648637983,0.21244275569915771,0.20980803668498993,0.23140977323055267
fm,sub_loss/val_dur_loss_epoch,10000,20000,10,0.21045011579990386,0.21064706146717072,0.20814397931098938,0.21206259727478027
fm,sub_loss/val_dur_loss_epoch,20000,40000,20,0.21193060800433158,0.21235763281583786,0.20866365730762482,0.21476799249649048
fm,sub_loss/val_dur_loss_epoch,40000,60000,20,0.21155297830700875,0.21121422201395035,0.20788083970546722,0.21472342312335968
fm,sub_loss/val_dur_loss_epoch,60000,80000,20,0.21226561889052392,0.21196123957633972,0.20936931669712067,0.21522210538387299
fm,sub_loss/val_dur_loss_epoch,80000,100000,20,0.2132873073220253,0.21264012157917023,0.21022512018680573,0.21749578416347504
fm,sub_loss/val_dur_loss_epoch,100000,120000,20,0.21288955062627793,0.2130957618355751,0.20834384858608246,0.21536032855510712
fm,sub_loss/val_dur_loss_epoch,120000,136000,16,0.2146523492410779,0.21453212946653366,0.21239201724529266,0.21677939593791962
fm,sub_loss/val_dur_loss_epoch,136000,139151,4,0.21425408869981766,0.21430883556604385,0.21257194876670837,0.21582673490047455
fm,sub_loss/train_prior_loss_epoch,1000,10000,27,0.9649517492011741,0.9647063612937927,0.9635933637619019,0.9678947925567627
fm,sub_loss/train_prior_loss_epoch,10000,20000,29,0.9628313245444462,0.9628350734710693,0.9621820449829102,0.9635685682296753
fm,sub_loss/train_prior_loss_epoch,20000,40000,59,0.9613456029002949,0.9612712860107422,0.9607684016227722,0.9622045755386353
fm,sub_loss/train_prior_loss_epoch,40000,60000,59,0.9603435770939972,0.9603443741798401,0.9599316120147705,0.9608713388442993
fm,sub_loss/train_prior_loss_epoch,60000,80000,59,0.9596778679702241,0.9596759676933289,0.9593695402145386,0.9599670171737671
fm,sub_loss/train_prior_loss_epoch,80000,100000,59,0.9592152540966615,0.9592324495315552,0.9589532613754272,0.9594278931617737
fm,sub_loss/train_prior_loss_epoch,100000,120000,58,0.9588762285380528,0.9588753283023834,0.9586747884750366,0.9590407609939575
fm,sub_loss/train_prior_loss_epoch,120000,136000,47,0.9586207410122486,0.958618700504303,0.9584980010986328,0.9587341547012329
fm,sub_loss/train_prior_loss_epoch,136000,139151,10,0.9584991455078125,0.9584991931915283,0.9583963751792908,0.9586508870124817
fm,sub_loss/val_prior_loss_epoch,1000,10000,9,0.9667213161786398,0.9664267301559448,0.9662265777587891,0.9684175848960876
fm,sub_loss/val_prior_loss_epoch,10000,20000,10,0.9658608376979828,0.9658452272415161,0.9657015204429626,0.9661368727684021
fm,sub_loss/val_prior_loss_epoch,20000,40000,20,0.9657604575157166,0.9657509326934814,0.9656088948249817,0.9659695029258728
fm,sub_loss/val_prior_loss_epoch,40000,60000,20,0.9657611638307572,0.9657381772994995,0.9655460119247437,0.9661262631416321
fm,sub_loss/val_prior_loss_epoch,60000,80000,20,0.9658396929502487,0.9658632874488831,0.9656121134757996,0.9661158323287964
fm,sub_loss/val_prior_loss_epoch,80000,100000,20,0.9659066736698151,0.9659263789653778,0.9656499624252319,0.9660553932189941
fm,sub_loss/val_prior_loss_epoch,100000,120000,20,0.9659979254007339,0.9660207033157349,0.965675950050354,0.9661931991577148
fm,sub_loss/val_prior_loss_epoch,120000,136000,16,0.9660851769149303,0.9660494327545166,0.9659112691879272,0.9664924740791321
fm,sub_loss/val_prior_loss_epoch,136000,139151,4,0.9661464393138885,0.9661030769348145,0.9660707116127014,0.9663088917732239
fm,sub_loss/train_diff_loss_epoch,1000,10000,27,0.18464208201125817,0.18354205787181854,0.17778122425079346,0.19776654243469238
fm,sub_loss/train_diff_loss_epoch,10000,20000,29,0.1741095550101379,0.17374688386917114,0.17096388339996338,0.1784297227859497
fm,sub_loss/train_diff_loss_epoch,20000,40000,59,0.1679978888418715,0.16812890768051147,0.1643633097410202,0.1716488152742386
fm,sub_loss/train_diff_loss_epoch,40000,60000,59,0.16341910271321314,0.16339853405952454,0.16055065393447876,0.16583412885665894
fm,sub_loss/train_diff_loss_epoch,60000,80000,59,0.1606764606500076,0.1607995182275772,0.15798388421535492,0.16244791448116302
fm,sub_loss/train_diff_loss_epoch,80000,100000,59,0.159359578358925,0.15930303931236267,0.15692278742790222,0.16086919605731964
fm,sub_loss/train_diff_loss_epoch,100000,120000,58,0.1580645452285635,0.15808432549238205,0.15599407255649567,0.15994711220264435
fm,sub_loss/train_diff_loss_epoch,120000,136000,47,0.15718057276086606,0.15723484754562378,0.15557408332824707,0.15855365991592407
fm,sub_loss/train_diff_loss_epoch,136000,139151,10,0.15675366818904876,0.15657434612512589,0.1552458107471466,0.1582055240869522
fm,sub_loss/val_diff_loss_epoch,1000,10000,9,0.1881248785389794,0.1908203810453415,0.1720961332321167,0.19559183716773987
fm,sub_loss/val_diff_loss_epoch,10000,20000,10,0.18554895967245102,0.18369650840759277,0.1790846735239029,0.19542580842971802
fm,sub_loss/val_diff_loss_epoch,20000,40000,20,0.17650479674339295,0.17471317946910858,0.16684389114379883,0.19616839289665222
fm,sub_loss/val_diff_loss_epoch,40000,60000,20,0.17399738505482673,0.1743750125169754,0.1542048454284668,0.18546266853809357
fm,sub_loss/val_diff_loss_epoch,60000,80000,20,0.17081812024116516,0.1705515831708908,0.15049690008163452,0.1852615624666214
fm,sub_loss/val_diff_loss_epoch,80000,100000,20,0.16678802520036698,0.16478867083787918,0.15458688139915466,0.1844114512205124
fm,sub_loss/val_diff_loss_epoch,100000,120000,20,0.1682841010391712,0.16940277069807053,0.15325771272182465,0.17665573954582214
fm,sub_loss/val_diff_loss_epoch,120000,136000,16,0.1669917330145836,0.16671057045459747,0.15569379925727844,0.1847277581691742
fm,sub_loss/val_diff_loss_epoch,136000,139151,4,0.1652495302259922,0.16844113916158676,0.1501505970954895,0.1739652454853058
fm,loss/train_epoch,1000,10000,27,1.3414402802785237,1.3386002779006958,1.3258700370788574,1.3737659454345703
fm,loss/train_epoch,10000,20000,29,1.3178455706300407,1.3176006078720093,1.310668706893921,1.3263616561889648
fm,loss/train_epoch,20000,40000,59,1.3011282419754286,1.3003321886062622,1.2931386232376099,1.3114676475524902
fm,loss/train_epoch,40000,60000,59,1.288293448545165,1.2884644269943237,1.2817667722702026,1.29513680934906
fm,loss/train_epoch,60000,80000,59,1.2795497562925695,1.279693603515625,1.275882363319397,1.284108281135559
fm,loss/train_epoch,80000,100000,59,1.2742040864491866,1.2742127180099487,1.271267294883728,1.2775897979736328
fm,loss/train_epoch,100000,120000,58,1.2698548189524947,1.2699094414710999,1.2671606540679932,1.2729295492172241
fm,loss/train_epoch,120000,136000,47,1.2665856366461896,1.2666966915130615,1.264015793800354,1.2682377099990845
fm,loss/train_epoch,136000,139151,10,1.2650602221488954,1.2649645805358887,1.2634403705596924,1.2671023607254028
fm,loss/val_epoch,1000,10000,9,1.370281179745992,1.369394302368164,1.3508528470993042,1.3847242593765259
fm,loss/val_epoch,10000,20000,10,1.361859917640686,1.3602301478385925,1.3534492254257202,1.371416687965393
fm,loss/val_epoch,20000,40000,20,1.3541958689689637,1.3517879247665405,1.3445773124694824,1.3759486675262451
fm,loss/val_epoch,40000,60000,20,1.3513115227222443,1.3510260581970215,1.3311195373535156,1.3645089864730835
fm,loss/val_epoch,60000,80000,20,1.3489234268665313,1.3484291434288025,1.3277242183685303,1.3658530712127686
fm,loss/val_epoch,80000,100000,20,1.3459820032119751,1.3430944681167603,1.33406662940979,1.3647030591964722
fm,loss/val_epoch,100000,120000,20,1.3471715807914735,1.3483763337135315,1.3329694271087646,1.3542660474777222
fm,loss/val_epoch,120000,136000,16,1.3477292507886887,1.3457730412483215,1.3364875316619873,1.3639522790908813
fm,loss/val_epoch,136000,139151,4,1.3456500470638275,1.3495844006538391,1.330823540687561,1.3526078462600708
fm,duration_mask/train_floor_binding_token_ratio_epoch,1000,10000,27,0.38714879751205444,0.38621264696121216,0.38226091861724854,0.3978404104709625
fm,duration_mask/train_floor_binding_token_ratio_epoch,10000,20000,29,0.38047092741933364,0.38034746050834656,0.37827709317207336,0.38300830125808716
fm,duration_mask/train_floor_binding_token_ratio_epoch,20000,40000,59,0.37646841093645256,0.3763638436794281,0.37470683455467224,0.3786563277244568
fm,duration_mask/train_floor_binding_token_ratio_epoch,40000,60000,59,0.3738200260420977,0.37383782863616943,0.3725008964538574,0.37599480152130127
fm,duration_mask/train_floor_binding_token_ratio_epoch,60000,80000,59,0.3725234633785183,0.37249425053596497,0.3715277314186096,0.37333738803863525
fm,duration_mask/train_floor_binding_token_ratio_epoch,80000,100000,59,0.37131167165303636,0.37118396162986755,0.3699512779712677,0.3726745545864105
fm,duration_mask/train_floor_binding_token_ratio_epoch,100000,120000,58,0.37040779508393384,0.3704007565975189,0.3692651093006134,0.37131839990615845
fm,duration_mask/train_floor_binding_token_ratio_epoch,120000,136000,47,0.3700868100561994,0.3700723648071289,0.3693520426750183,0.3709124028682709
fm,duration_mask/train_floor_binding_token_ratio_epoch,136000,139151,10,0.36962715089321135,0.36960406601428986,0.36922505497932434,0.37059131264686584
fm,duration_mask/val_floor_binding_token_ratio_epoch,1000,10000,9,0.35920797453986275,0.3590269386768341,0.3533227741718292,0.3676397502422333
fm,duration_mask/val_floor_binding_token_ratio_epoch,10000,20000,10,0.35410557985305785,0.354037806391716,0.35112807154655457,0.35713544487953186
fm,duration_mask/val_floor_binding_token_ratio_epoch,20000,40000,20,0.3516527622938156,0.351705402135849,0.3484712839126587,0.35650426149368286
fm,duration_mask/val_floor_binding_token_ratio_epoch,40000,60000,20,0.34976218491792677,0.3494991362094879,0.3479674756526947,0.35211852192878723
fm,duration_mask/val_floor_binding_token_ratio_epoch,60000,80000,20,0.3488800719380379,0.3490622043609619,0.34601402282714844,0.353005588054657
fm,duration_mask/val_floor_binding_token_ratio_epoch,80000,100000,20,0.3487303897738457,0.3484751135110855,0.34599408507347107,0.35262933373451233
fm,duration_mask/val_floor_binding_token_ratio_epoch,100000,120000,20,0.34791522324085233,0.3478495478630066,0.3440863788127899,0.3511926531791687
fm,duration_mask/val_floor_binding_token_ratio_epoch,120000,136000,16,0.3477312996983528,0.34764643013477325,0.34534168243408203,0.3501851558685303
fm,duration_mask/val_floor_binding_token_ratio_epoch,136000,139151,4,0.34911608695983887,0.3494393825531006,0.34722694754600525,0.35035863518714905
fm,duration_mask/train_ceiling_binding_token_ratio_epoch,1000,10000,27,0.0898059849385862,0.09015167504549026,0.08657287061214447,0.09139212965965271
fm,duration_mask/train_ceiling_binding_token_ratio_epoch,10000,20000,29,0.091685993404224,0.09173650294542313,0.09086336940526962,0.0921236127614975
fm,duration_mask/train_ceiling_binding_token_ratio_epoch,20000,40000,59,0.09261365348504762,0.0926152765750885,0.09182876348495483,0.09319967031478882
fm,duration_mask/train_ceiling_binding_token_ratio_epoch,40000,60000,59,0.09316348145573826,0.0931612104177475,0.0923631563782692,0.093704454600811
fm,duration_mask/train_ceiling_binding_token_ratio_epoch,60000,80000,59,0.09333441558025651,0.09332434833049774,0.09281355887651443,0.09375863522291183
fm,duration_mask/train_ceiling_binding_token_ratio_epoch,80000,100000,59,0.09356523658764565,0.09357596188783646,0.09293699264526367,0.09401342272758484
fm,duration_mask/train_ceiling_binding_token_ratio_epoch,100000,120000,58,0.09375221333627043,0.09376037493348122,0.09331560879945755,0.09416969120502472
fm,duration_mask/train_ceiling_binding_token_ratio_epoch,120000,136000,47,0.0937762533096557,0.09378574788570404,0.09341229498386383,0.09410249441862106
fm,duration_mask/train_ceiling_binding_token_ratio_epoch,136000,139151,10,0.0938958115875721,0.09393883869051933,0.09366254508495331,0.09414304792881012
fm,duration_mask/val_ceiling_binding_token_ratio_epoch,1000,10000,9,0.0666907818781005,0.0669427216053009,0.06459103524684906,0.0688064768910408
fm,duration_mask/val_ceiling_binding_token_ratio_epoch,10000,20000,10,0.06849585995078086,0.06852361187338829,0.0673326924443245,0.07081364840269089
fm,duration_mask/val_ceiling_binding_token_ratio_epoch,20000,40000,20,0.07009444274008274,0.06999310106039047,0.06763298064470291,0.07231796532869339
fm,duration_mask/val_ceiling_binding_token_ratio_epoch,40000,60000,20,0.07030351385474205,0.07028751447796822,0.06914682686328888,0.07154621928930283
fm,duration_mask/val_ceiling_binding_token_ratio_epoch,60000,80000,20,0.07032960839569569,0.07024489343166351,0.0689241886138916,0.07187201827764511
fm,duration_mask/val_ceiling_binding_token_ratio_epoch,80000,100000,20,0.07122287824749947,0.07128583639860153,0.07007431238889694,0.07239559292793274
fm,duration_mask/val_ceiling_binding_token_ratio_epoch,100000,120000,20,0.07098178677260876,0.070853091776371,0.0697481632232666,0.07325224578380585
fm,duration_mask/val_ceiling_binding_token_ratio_epoch,120000,136000,16,0.07123238034546375,0.07119041681289673,0.07033682614564896,0.07266702502965927
fm,duration_mask/val_ceiling_binding_token_ratio_epoch,136000,139151,4,0.07081537880003452,0.07073789834976196,0.07020290940999985,0.07158280909061432
fm,duration_mask/train_constrained_score_gap_per_frame_mean_epoch,1000,10000,27,0.1619197615870723,0.16032403707504272,0.14818282425403595,0.18490079045295715
fm,duration_mask/train_constrained_score_gap_per_frame_mean_epoch,10000,20000,29,0.1406656894190558,0.14023457467556,0.13373610377311707,0.14840790629386902
fm,duration_mask/train_constrained_score_gap_per_frame_mean_epoch,20000,40000,59,0.12566731819661997,0.12492403388023376,0.1197027862071991,0.13485805690288544
fm,duration_mask/train_constrained_score_gap_per_frame_mean_epoch,40000,60000,59,0.11661688730878345,0.11671516299247742,0.1129443496465683,0.12186302244663239
fm,duration_mask/train_constrained_score_gap_per_frame_mean_epoch,60000,80000,59,0.11126051249645524,0.11125016957521439,0.10831315070390701,0.1134980246424675
fm,duration_mask/train_constrained_score_gap_per_frame_mean_epoch,80000,100000,59,0.10748413950204849,0.10733041912317276,0.10533919930458069,0.10943952947854996
fm,duration_mask/train_constrained_score_gap_per_frame_mean_epoch,100000,120000,58,0.10498654328543565,0.10490406304597855,0.10359974950551987,0.10685116797685623
fm,duration_mask/train_constrained_score_gap_per_frame_mean_epoch,120000,136000,47,0.10321504099571958,0.10324990749359131,0.10145091265439987,0.10465127229690552
fm,duration_mask/train_constrained_score_gap_per_frame_mean_epoch,136000,139151,10,0.10253324583172799,0.10243349149823189,0.10134124755859375,0.10426256060600281
fm,duration_mask/val_constrained_score_gap_per_frame_mean_epoch,1000,10000,9,0.14643370111783346,0.1455487310886383,0.13963860273361206,0.16348913311958313
fm,duration_mask/val_constrained_score_gap_per_frame_mean_epoch,10000,20000,10,0.14452164471149445,0.1441095545887947,0.1406218707561493,0.1481989026069641
fm,duration_mask/val_constrained_score_gap_per_frame_mean_epoch,20000,40000,20,0.14286607652902603,0.14230415970087051,0.1367070972919464,0.14966128766536713
fm,duration_mask/val_constrained_score_gap_per_frame_mean_epoch,40000,60000,20,0.143974819034338,0.1443009227514267,0.13731184601783752,0.14765571057796478
fm,duration_mask/val_constrained_score_gap_per_frame_mean_epoch,60000,80000,20,0.14241085648536683,0.1428218111395836,0.1341819018125534,0.14685654640197754
fm,duration_mask/val_constrained_score_gap_per_frame_mean_epoch,80000,100000,20,0.14294174313545227,0.14320500940084457,0.13529229164123535,0.15088914334774017
fm,duration_mask/val_constrained_score_gap_per_frame_mean_epoch,100000,120000,20,0.14208708629012107,0.14242476224899292,0.13548606634140015,0.14694708585739136
fm,duration_mask/val_constrained_score_gap_per_frame_mean_epoch,120000,136000,16,0.14542150869965553,0.14599236100912094,0.13885442912578583,0.1511515974998474
fm,duration_mask/val_constrained_score_gap_per_frame_mean_epoch,136000,139151,4,0.14464732632040977,0.14487465471029282,0.14056189358234406,0.1482781022787094
fm,mas_duration/train_speech_le2_ratio_epoch,1000,10000,27,0.32539053206090574,0.3244880437850952,0.3203378915786743,0.33589860796928406
fm,mas_duration/train_speech_le2_ratio_epoch,10000,20000,29,0.31851642604531916,0.31818321347236633,0.31651291251182556,0.32117512822151184
fm,mas_duration/train_speech_le2_ratio_epoch,20000,40000,59,0.3144482247910257,0.31452447175979614,0.3115629553794861,0.3171207904815674
fm,mas_duration/train_speech_le2_ratio_epoch,40000,60000,59,0.3105177980358318,0.31029781699180603,0.3086889684200287,0.3133080303668976
fm,mas_duration/train_speech_le2_ratio_epoch,60000,80000,59,0.3083708205465543,0.3082284927368164,0.3074411451816559,0.3096218705177307
fm,mas_duration/train_speech_le2_ratio_epoch,80000,100000,59,0.3068567893262637,0.30681148171424866,0.30555200576782227,0.30818766355514526
fm,mas_duration/train_speech_le2_ratio_epoch,100000,120000,58,0.30579825053954945,0.3057563155889511,0.3050493896007538,0.30676865577697754
fm,mas_duration/train_speech_le2_ratio_epoch,120000,136000,47,0.3052952188126584,0.3053181767463684,0.3045368492603302,0.3058735430240631
fm,mas_duration/train_speech_le2_ratio_epoch,136000,139151,10,0.30468148589134214,0.30458003282546997,0.30432504415512085,0.3054429590702057
fm,mas_duration/val_speech_le2_ratio_epoch,1000,10000,9,0.3180636829800076,0.3170016407966614,0.3126375675201416,0.32714906334877014
fm,mas_duration/val_speech_le2_ratio_epoch,10000,20000,10,0.3120803087949753,0.31200961768627167,0.3088020980358124,0.31586822867393494
fm,mas_duration/val_speech_le2_ratio_epoch,20000,40000,20,0.30905591547489164,0.3093128353357315,0.30488917231559753,0.3138136565685272
fm,mas_duration/val_speech_le2_ratio_epoch,40000,60000,20,0.3058240368962288,0.30597861111164093,0.3032238781452179,0.3081454634666443
fm,mas_duration/val_speech_le2_ratio_epoch,60000,80000,20,0.3044464260339737,0.30465465784072876,0.30146414041519165,0.30824801325798035
fm,mas_duration/val_speech_le2_ratio_epoch,80000,100000,20,0.3036950334906578,0.30351783335208893,0.3011125326156616,0.3069695234298706
fm,mas_duration/val_speech_le2_ratio_epoch,100000,120000,20,0.30304591059684755,0.302506223320961,0.300227552652359,0.3062194883823395
fm,mas_duration/val_speech_le2_ratio_epoch,120000,136000,16,0.3026187289506197,0.3023674488067627,0.30099600553512573,0.30498844385147095
fm,mas_duration/val_speech_le2_ratio_epoch,136000,139151,4,0.3042418509721756,0.30421072244644165,0.3025975227355957,0.3059484362602234
fm,grad_norm/grad_2.0_norm_total,1000,10000,180,0.266614448858632,0.2442813217639923,0.1461467146873474,0.5860070586204529
fm,grad_norm/grad_2.0_norm_total,10000,20000,200,0.21655413135886192,0.2077631726861,0.12467719614505768,0.407283216714859
fm,grad_norm/grad_2.0_norm_total,20000,40000,400,0.1793522760644555,0.16690391302108765,0.1054825410246849,0.5314511060714722
fm,grad_norm/grad_2.0_norm_total,40000,60000,400,0.1468188558332622,0.1394272744655609,0.08771392703056335,0.33244842290878296
fm,grad_norm/grad_2.0_norm_total,60000,80000,400,0.1278275592252612,0.12096454948186874,0.07818354666233063,0.33029842376708984
fm,grad_norm/grad_2.0_norm_total,80000,100000,400,0.11559127053245902,0.11128093302249908,0.06962379068136215,0.19862332940101624
fm,grad_norm/grad_2.0_norm_total,100000,120000,400,0.10732220655307173,0.10434801504015923,0.07176397740840912,0.22820238769054413
fm,grad_norm/grad_2.0_norm_total,120000,136000,320,0.10285223920363933,0.09894594550132751,0.06911467760801315,0.18531155586242676
fm,grad_norm/grad_2.0_norm_total,136000,139151,64,0.09757503936998546,0.09412116929888725,0.066841259598732,0.14573760330677032
fm,learning_rate/decoder_step,1000,10000,180,0.0003000000142492354,0.0003000000142492354,0.0003000000142492354,0.0003000000142492354
fm,learning_rate/decoder_step,10000,20000,200,0.0003000000142492354,0.0003000000142492354,0.0003000000142492354,0.0003000000142492354
fm,learning_rate/decoder_step,20000,40000,400,0.0003000000142492354,0.0003000000142492354,0.0003000000142492354,0.0003000000142492354
fm,learning_rate/decoder_step,40000,60000,400,0.0003000000142492354,0.0003000000142492354,0.0003000000142492354,0.0003000000142492354
fm,learning_rate/decoder_step,60000,80000,400,0.0003000000142492354,0.0003000000142492354,0.0003000000142492354,0.0003000000142492354
fm,learning_rate/decoder_step,80000,100000,400,0.0003000000142492354,0.0003000000142492354,0.0003000000142492354,0.0003000000142492354
fm,learning_rate/decoder_step,100000,120000,400,0.0003000000142492354,0.0003000000142492354,0.0003000000142492354,0.0003000000142492354
fm,learning_rate/decoder_step,120000,136000,320,0.0003000000142492354,0.0003000000142492354,0.0003000000142492354,0.0003000000142492354
fm,learning_rate/decoder_step,136000,139151,64,0.00028702941153824213,0.0002870294119929895,0.00027405880973674357,0.0003000000142492354
